index,date,doses_distributed_cumulative,doses_administered_cumulative,new_doses_distributed,new_doses_administered,new_doses_distributed_7_day_rolling_avg,new_doses_administered_7_day_rolling_avg
0,2020-12-13,13650.0,0.0,,,,
1,2020-12-14,482625.0,509.0,468975.0,509.0,,
2,2020-12-15,1458600.0,12638.0,975975.0,12129.0,,
3,2020-12-16,1656525.0,51634.0,197925.0,38996.0,,
4,2020-12-17,2847975.0,127342.0,1191450.0,75708.0,,
5,2020-12-18,2847975.0,254142.0,0.0,126800.0,,
6,2020-12-19,2847975.0,441650.0,0.0,187508.0,,
7,2020-12-20,2850250.0,651503.0,2275.0,209853.0,405228.57,93071.86
8,2020-12-21,4289025.0,801460.0,1438775.0,149957.0,543771.43,114421.57
9,2020-12-22,6733350.0,991182.0,2444325.0,189722.0,753535.71,139792.0
10,2020-12-23,9496475.0,1359355.0,2763125.0,368173.0,1119992.86,186817.29
11,2020-12-24,9584275.0,1697791.0,87800.0,338436.0,962328.57,224349.86
12,2020-12-25,9584275.0,2033936.0,0.0,336145.0,962328.57,254256.29
13,2020-12-26,9584275.0,2190414.0,0.0,156478.0,962328.57,249823.43
14,2020-12-27,9584275.0,2252406.0,0.0,61992.0,962003.57,228700.43
15,2020-12-28,10898900.0,2408626.0,1314625.0,156220.0,944267.86,229595.14
16,2020-12-29,13118675.0,2723303.0,2219775.0,314677.0,912189.29,247445.86
17,2020-12-30,14270550.0,3164852.0,1151875.0,441549.0,682010.71,257928.14
18,2020-12-31,14785550.0,3738130.0,515000.0,573278.0,743039.29,291477.0
19,2021-01-01,14786525.0,4172658.0,975.0,434528.0,743178.57,305531.71
20,2021-01-02,14786525.0,4463060.0,0.0,290402.0,743178.57,324663.71
21,2021-01-03,14786525.0,4648339.0,0.0,185279.0,743178.57,342276.14
22,2021-01-04,16761825.0,4887811.0,1975300.0,239472.0,837560.71,354169.29
23,2021-01-05,19792825.0,5224925.0,3031000.0,337114.0,953450.0,357374.57
24,2021-01-06,20601975.0,5824980.0,809150.0,600055.0,904489.29,380018.29
25,2021-01-07,21036425.0,6555680.0,434450.0,730700.0,892982.14,402507.14
26,2021-01-08,22070100.0,7426145.0,1033675.0,870465.0,1040510.71,464783.86
27,2021-01-09,22076700.0,8216629.0,6600.0,790484.0,1041453.57,536224.14
28,2021-01-10,22079900.0,8943724.0,3200.0,727095.0,1041910.71,613626.43
29,2021-01-11,24474675.0,9363164.0,2394775.0,419440.0,1101835.71,639336.14
30,2021-01-12,27335600.0,9880022.0,2860925.0,516858.0,1077539.29,665013.86
31,2021-01-13,28783800.0,10867507.0,1448200.0,987485.0,1168832.14,720361.0
32,2021-01-14,30223825.0,11961374.0,1440025.0,1093867.0,1312485.71,772242.0
33,2021-01-15,31036550.0,12917607.0,812725.0,956233.0,1280921.43,784494.57
34,2021-01-16,31040550.0,14058650.0,4000.0,1141043.0,1280550.0,834574.43
35,2021-01-17,31040550.0,14914759.0,0.0,856109.0,1280092.86,853005.0
36,2021-01-18,31481100.0,15462809.0,440550.0,548050.0,1000917.86,871377.86
37,2021-01-19,36227450.0,16083963.0,4746350.0,621154.0,1270264.29,886277.29
38,2021-01-20,35990150.0,16525281.0,-237300.0,441318.0,1029478.57,808253.43
39,2021-01-21,37960000.0,17546374.0,1969850.0,1021093.0,1105167.86,797857.14
40,2021-01-22,39892400.0,19107959.0,1932400.0,1561585.0,1265121.43,884336.0
41,2021-01-23,41411550.0,20537990.0,1519150.0,1430031.0,1481571.43,925620.0
42,2021-01-24,41411550.0,21848655.0,0.0,1310665.0,1481571.43,990556.57
43,2021-01-25,41418325.0,22734243.0,6775.0,885588.0,1419603.57,1038776.29
44,2021-01-26,44394075.0,23540994.0,2975750.0,806751.0,1166660.71,1065290.14
45,2021-01-27,47230950.0,24652634.0,2836875.0,1111640.0,1605828.57,1161050.43
46,2021-01-28,48386275.0,26193682.0,1155325.0,1541048.0,1489467.86,1235329.71
47,2021-01-29,49216500.0,27884661.0,830225.0,1690979.0,1332014.29,1253814.57
48,2021-01-30,49932850.0,29577902.0,716350.0,1693241.0,1217328.57,1291416.0
49,2021-01-31,49933250.0,31123299.0,400.0,1545397.0,1217385.71,1324949.14
50,2021-02-01,49936450.0,32222402.0,3200.0,1099103.0,1216875.0,1355451.29
51,2021-02-02,52657675.0,32780860.0,2721225.0,558458.0,1180514.29,1319980.86
52,2021-02-03,55943800.0,33878254.0,3286125.0,1097394.0,1244692.86,1317945.71
53,2021-02-04,57489675.0,35203710.0,1545875.0,1325456.0,1300485.71,1287146.86
54,2021-02-05,58380300.0,36819212.0,890625.0,1615502.0,1309114.29,1276364.43
55,2021-02-06,59304600.0,39037964.0,924300.0,2218752.0,1338821.43,1351437.43
56,2021-02-07,59307800.0,41210937.0,3200.0,2172973.0,1339221.43,1441091.14
57,2021-02-08,59307800.0,42417617.0,0.0,1206680.0,1338764.29,1456459.29
58,2021-02-09,62898775.0,43206190.0,3590975.0,788573.0,1463014.29,1489332.86
59,2021-02-10,65972575.0,44769970.0,3073800.0,1563780.0,1432682.14,1555959.43
60,2021-02-11,68285575.0,46390270.0,2313000.0,1620300.0,1542271.43,1598080.0
61,2021-02-12,69014725.0,48410558.0,729150.0,2020288.0,1519203.57,1655906.57
62,2021-02-13,69883625.0,50641884.0,868900.0,2231326.0,1511289.29,1657702.86
63,2021-02-14,70057800.0,52884356.0,174175.0,2242472.0,1535714.29,1667631.29
64,2021-02-15,70135900.0,54260570.0,78100.0,1376214.0,1546871.43,1691850.43
65,2021-02-16,71657975.0,55220364.0,1522075.0,959794.0,1251314.29,1716310.57
66,2021-02-17,72423125.0,56281827.0,765150.0,1061463.0,921507.14,1644551.0
67,2021-02-18,73377450.0,57737767.0,954325.0,1455940.0,727410.71,1621071.0
68,2021-02-19,74108895.0,59585043.0,731445.0,1847276.0,727738.57,1596355.0
69,2021-02-20,74979165.0,61289500.0,870270.0,1704457.0,727934.29,1521088.0
70,2021-02-21,75204965.0,63090634.0,225800.0,1801134.0,735309.29,1458039.71
71,2021-02-22,75205940.0,64177474.0,975.0,1086840.0,724291.43,1416700.57
72,2021-02-23,82114370.0,65032083.0,6908430.0,854609.0,1493770.71,1401674.14
73,2021-02-24,88669035.0,66464947.0,6554665.0,1432864.0,2320844.29,1454731.43
74,2021-02-25,91673010.0,68274117.0,3003975.0,1809170.0,2613651.43,1505192.86
75,2021-02-26,94300910.0,70454064.0,2627900.0,2179947.0,2884573.57,1552717.29
76,2021-02-27,96402290.0,72806180.0,2101380.0,2352116.0,3060446.43,1645240.0
77,2021-02-28,96402490.0,75236003.0,200.0,2429823.0,3028217.86,1735052.71
78,2021-03-01,96402490.0,76899987.0,0.0,1663984.0,3028078.57,1817501.86
79,2021-03-02,102353940.0,78631601.0,5951450.0,1731614.0,2891367.14,1942788.29
80,2021-03-03,107028890.0,80540474.0,4674950.0,1908873.0,2622836.43,2010789.57
81,2021-03-04,109905530.0,82572848.0,2876640.0,2032374.0,2604645.71,2042675.86
82,2021-03-05,114133115.0,85008094.0,4227585.0,2435246.0,2833172.14,2079147.14
83,2021-03-06,116355405.0,87912323.0,2222290.0,2904229.0,2850445.0,2158020.43
84,2021-03-07,116363405.0,90351750.0,8000.0,2439427.0,2851559.29,2159392.43
85,2021-03-08,116378615.0,92089852.0,15210.0,1738102.0,2853732.14,2169980.71
86,2021-03-09,123232775.0,93692598.0,6854160.0,1602746.0,2982690.71,2151571.0
87,2021-03-10,127869155.0,95721290.0,4636380.0,2028692.0,2977180.71,2168688.0
88,2021-03-11,131131470.0,98203893.0,3262315.0,2482603.0,3032277.14,2233006.43
89,2021-03-12,133337525.0,101128005.0,2206055.0,2924112.0,2743487.14,2302844.43
90,2021-03-13,135846665.0,105703501.0,2509140.0,4575496.0,2784465.71,2541596.86
91,2021-03-14,135847835.0,107060274.0,1170.0,1356773.0,2783490.0,2386932.0
92,2021-03-15,135847835.0,109081860.0,0.0,2021586.0,2781317.14,2427429.71
93,2021-03-16,142918525.0,110737856.0,7070690.0,1655996.0,2812250.0,2435036.86
94,2021-03-17,147590615.0,113037627.0,4672090.0,2299771.0,2817351.43,2473762.43
95,2021-03-18,151108445.0,115730008.0,3517830.0,2692381.0,2853853.57,2503730.71
96,2021-03-19,154199235.0,118313818.0,3090790.0,2583810.0,2980244.29,2455116.14
97,2021-03-20,156734555.0,121441497.0,2535320.0,3127679.0,2983984.29,2248285.14
98,2021-03-21,156734555.0,124481412.0,0.0,3039915.0,2983817.14,2488734.0
99,2021-03-22,156734555.0,126509736.0,0.0,2028324.0,2983817.14,2489696.57
100,2021-03-23,164300795.0,128217029.0,7566240.0,1707293.0,3054610.0,2497024.71
101,2021-03-24,169223125.0,130473853.0,4922330.0,2256824.0,3090358.57,2490889.43
102,2021-03-25,173525335.0,133305295.0,4302210.0,2831442.0,3202412.86,2510755.29
103,2021-03-26,177501775.0,136684688.0,3976440.0,3379393.0,3328934.29,2624410.0
104,2021-03-27,180644125.0,140180735.0,3142350.0,3496047.0,3415652.86,2677034.0
105,2021-03-28,180646465.0,143462691.0,2340.0,3281956.0,3415987.14,2711611.29
106,2021-03-29,180646565.0,145812835.0,100.0,2350144.0,3416001.43,2757585.57
107,2021-03-30,189451285.0,147602345.0,8804720.0,1789510.0,3592927.14,2769330.86
108,2021-03-31,195581725.0,150273292.0,6130440.0,2670947.0,3765514.29,2828491.29
109,2021-04-01,200496635.0,153631404.0,4914910.0,3358112.0,3853042.86,2903729.86
110,2021-04-02,204719335.0,157606463.0,4222700.0,3975059.0,3888222.86,2988825.0
111,2021-04-03,207866645.0,161688422.0,3147310.0,4081959.0,3888931.43,3072526.71
112,2021-04-04,207891295.0,165053746.0,24650.0,3365324.0,3892118.57,3084436.43
113,2021-04-05,207891395.0,167187795.0,100.0,2134049.0,3892118.57,3053565.71
114,2021-04-06,219194215.0,168592075.0,11302820.0,1404280.0,4248990.0,2998532.86
115,2021-04-07,225294435.0,171476655.0,6100220.0,2884580.0,4244672.86,3029051.86
116,2021-04-08,229398685.0,174879716.0,4104250.0,3403061.0,4128864.29,3035473.14
117,2021-04-09,233591955.0,178837781.0,4193270.0,3958065.0,4124660.0,3033045.43
118,2021-04-10,237791735.0,183467709.0,4199780.0,4629928.0,4275012.86,3111326.71
119,2021-04-11,237796105.0,187047131.0,4370.0,3579422.0,4272115.71,3141912.14
120,2021-04-12,237796305.0,189692045.0,200.0,2644914.0,4272130.0,3214892.86
121,2021-04-13,245364805.0,192282781.0,7568500.0,2590736.0,3738655.71,3384386.57
122,2021-04-14,250998265.0,194791836.0,5633460.0,2509055.0,3671975.71,3330740.14
123,2021-04-15,255400665.0,198317040.0,4402400.0,3525204.0,3714568.57,3348189.14
124,2021-04-16,258502815.0,202282923.0,3102150.0,3965883.0,3558694.29,3349306.0
125,2021-04-17,264499715.0,205871913.0,5996900.0,3588990.0,3815425.71,3200600.57
126,2021-04-18,264505725.0,209406814.0,6010.0,3534901.0,3815660.0,3194240.43
127,2021-04-19,264505725.0,211581309.0,0.0,2174495.0,3815631.43,3127037.71
128,2021-04-20,272030795.0,213388238.0,7525070.0,1806929.0,3809427.14,3015065.29
129,2021-04-21,277938875.0,215951909.0,5908080.0,2563671.0,3848658.57,3022867.57
130,2021-04-22,282183915.0,218947643.0,4245040.0,2995734.0,3826178.57,2947229.0
131,2021-04-23,286095185.0,222322230.0,3911270.0,3374587.0,3941767.14,2862758.14
132,2021-04-24,290685655.0,225640460.0,4590470.0,3318230.0,3740848.57,2824078.14
133,2021-04-25,290692005.0,228661408.0,6350.0,3020948.0,3740897.14,2750656.29
134,2021-04-26,290692005.0,230768454.0,0.0,2107046.0,3740897.14,2741020.71
135,2021-04-27,297543635.0,232407669.0,6851630.0,1639215.0,3644691.43,2717061.57
136,2021-04-28,301857885.0,234639414.0,4314250.0,2231745.0,3417001.43,2669643.57
137,2021-04-29,305478495.0,237360493.0,3620610.0,2721079.0,3327797.14,2630407.14
138,2021-04-30,308774155.0,240159677.0,3295660.0,2799184.0,3239852.86,2548206.71
139,2021-05-01,312508205.0,243463471.0,3734050.0,3303794.0,3117507.14,2546144.43
140,2021-05-02,312509575.0,245591469.0,1370.0,2127998.0,3116795.71,2418580.14
141,2021-05-03,312509575.0,246780203.0,0.0,1188734.0,3116795.71,2287392.71
142,2021-05-04,318474035.0,247769049.0,5964460.0,988846.0,2990057.14,2194482.86
143,2021-05-05,321549335.0,249566820.0,3075300.0,1797771.0,2813064.29,2132486.57
144,2021-05-06,324610185.0,251973752.0,3060850.0,2406932.0,2733098.57,2087608.43
145,2021-05-07,327124625.0,254779333.0,2514440.0,2805581.0,2621495.71,2088522.29
146,2021-05-08,329840055.0,257347205.0,2715430.0,2567872.0,2475978.57,1983390.57
147,2021-05-09,329843825.0,259716989.0,3770.0,2369784.0,2476321.43,2017931.43
148,2021-05-10,329843825.0,261599381.0,0.0,1882392.0,2476321.43,2117025.43
149,2021-05-11,334081065.0,263132561.0,4237240.0,1533180.0,2229575.71,2194787.43
150,2021-05-12,337089765.0,264680844.0,3008700.0,1548283.0,2220061.43,2159146.29
151,2021-05-13,339165445.0,266596486.0,2075680.0,1915642.0,2079322.86,2088962.0
152,2021-05-14,341865945.0,268438666.0,2700500.0,1842180.0,2105902.86,1951333.29
153,2021-05-15,344503395.0,270832342.0,2637450.0,2393676.0,2094762.86,1926448.14
154,2021-05-16,344503495.0,272925411.0,100.0,2093069.0,2094238.57,1886917.43
155,2021-05-17,344503595.0,274411901.0,100.0,1486490.0,2094252.86,1830360.0
156,2021-05-18,346672525.0,275535207.0,2168930.0,1123306.0,1798780.0,1771806.57
157,2021-05-19,349210095.0,277290173.0,2537570.0,1754966.0,1731475.71,1801332.71
158,2021-05-20,351955515.0,279397250.0,2745420.0,2107077.0,1827152.86,1828680.57
159,2021-05-21,354914965.0,281595351.0,2959450.0,2198101.0,1864145.71,1879526.43
160,2021-05-22,357250375.0,283941223.0,2335410.0,2345872.0,1820997.14,1872697.29
161,2021-05-23,357250375.0,285720586.0,0.0,1779363.0,1820982.86,1827882.14
162,2021-05-24,357250475.0,286890900.0,100.0,1170314.0,1820982.86,1782714.14
163,2021-05-25,359004955.0,287788872.0,1754480.0,897972.0,1761775.71,1750523.57
164,2021-05-26,359849035.0,289212304.0,844080.0,1423432.0,1519848.57,1703161.57
165,2021-05-27,361250445.0,290724607.0,1401410.0,1512303.0,1327847.14,1618193.86
166,2021-05-28,362375765.0,292099778.0,1125320.0,1375171.0,1065828.57,1500632.43
167,2021-05-29,366314625.0,293705050.0,3938860.0,1605272.0,1294892.86,1394832.43
168,2021-05-30,366316945.0,294928850.0,2320.0,1223800.0,1295224.29,1315466.29
169,2021-05-31,366316845.0,295891325.0,-100.0,962475.0,1295195.71,1285775.0
170,2021-06-01,366317045.0,296404240.0,200.0,512915.0,1044584.29,1230766.86
171,2021-06-02,366977535.0,296912892.0,660490.0,508652.0,1018357.14,1100084.0
172,2021-06-03,368375195.0,297720928.0,1397660.0,808036.0,1017821.43,999474.43
173,2021-06-04,369159075.0,299120522.0,783880.0,1399594.0,969044.29,1002963.43
174,2021-06-05,371520975.0,300268730.0,2361900.0,1148208.0,743764.29,937668.57
175,2021-06-06,371520735.0,301638578.0,-240.0,1369848.0,743398.57,958532.57
176,2021-06-07,371520735.0,302851917.0,0.0,1213339.0,743412.86,994370.29
177,2021-06-08,372100285.0,303923667.0,579550.0,1071750.0,826177.14,1074203.86
178,2021-06-09,372495525.0,304753476.0,395240.0,829809.0,788284.29,1120083.43
179,2021-06-10,372830865.0,305687618.0,335340.0,934142.0,636524.29,1138098.57
180,2021-06-11,373413945.0,306509795.0,583080.0,822177.0,607838.57,1055610.43
181,2021-06-12,374397205.0,308112728.0,983260.0,1602933.0,410890.0,1120571.14
182,2021-06-13,374398105.0,309322545.0,900.0,1209817.0,411052.86,1097709.57
183,2021-06-14,374398105.0,310645827.0,0.0,1323282.0,411052.86,1113415.71
184,2021-06-15,374865165.0,311886674.0,467060.0,1240847.0,394982.86,1137572.43
185,2021-06-16,375186675.0,312915170.0,321510.0,1028496.0,384450.0,1165956.29
186,2021-06-17,377215060.0,314969386.0,2028385.0,2054216.0,626313.57,1325966.86
187,2021-06-18,377935390.0,316048776.0,720330.0,1079390.0,645920.71,1362711.57
188,2021-06-19,379003410.0,317117797.0,1068020.0,1069021.0,658029.29,1286438.43
189,2021-06-20,379003410.0,317966408.0,0.0,848611.0,657900.71,1234837.57
190,2021-06-21,379003410.0,318576441.0,0.0,610033.0,657900.71,1132944.86
191,2021-06-22,379446660.0,319223844.0,443250.0,647403.0,654499.29,1048167.14
192,2021-06-23,378882200.0,319872053.0,-564460.0,648209.0,527932.14,993840.43
193,2021-06-24,379248700.0,320687205.0,366500.0,815152.0,290520.0,816831.29
194,2021-06-25,380222670.0,321199379.0,973970.0,512174.0,326754.29,735800.43
195,2021-06-26,381276030.0,322123103.0,1053360.0,923724.0,324660.0,715043.71
196,2021-06-27,381282720.0,323327328.0,6690.0,1204225.0,325615.71,765845.71
197,2021-06-28,381282720.0,324414371.0,0.0,1087043.0,325615.71,833990.0
198,2021-06-29,381831830.0,325152847.0,549110.0,738476.0,340738.57,847000.43
199,2021-06-30,381949830.0,326521526.0,118000.0,1368679.0,438232.86,949924.71
200,2021-07-01,382283990.0,328152304.0,334160.0,1630778.0,433612.86,1066442.71
201,2021-07-02,382636520.0,328809470.0,352530.0,657166.0,344835.71,1087155.86
202,2021-07-03,383067560.0,329970551.0,431040.0,1161081.0,255932.86,1121064.0
203,2021-07-04,383068740.0,330604253.0,1180.0,633702.0,255145.71,1039560.71
204,2021-07-05,383068740.0,330994939.0,0.0,390686.0,255145.71,940081.14
205,2021-07-06,383068840.0,331214347.0,100.0,219408.0,176715.71,865928.57
206,2021-07-07,383068740.0,331651464.0,-100.0,437117.0,159844.29,732848.29
207,2021-07-08,385495790.0,332345797.0,2427050.0,694333.0,458828.57,599070.43
208,2021-07-09,386058070.0,332966409.0,562280.0,620612.0,488792.86,593848.43
209,2021-07-10,386985420.0,333565404.0,927350.0,598995.0,559694.29,513550.43
210,2021-07-11,387006120.0,334151648.0,20700.0,586244.0,562482.86,506770.71
211,2021-07-12,387006120.0,334600770.0,0.0,449122.0,562482.86,515118.71
212,2021-07-13,387241530.0,334942236.0,235410.0,341466.0,596098.57,532555.57
213,2021-07-14,388295385.0,335487779.0,1053855.0,545543.0,746663.57,548045.0
214,2021-07-15,388738495.0,336054953.0,443110.0,567174.0,463243.57,529879.43
215,2021-07-16,389359835.0,336604158.0,621340.0,549205.0,471680.71,519678.43
216,2021-07-17,390100705.0,337239448.0,740870.0,635290.0,445040.71,524863.43
217,2021-07-18,390100605.0,337740358.0,-100.0,500910.0,442069.29,512672.86
218,2021-07-19,390174755.0,338247434.0,74150.0,507076.0,452662.14,520952.0
219,2021-07-20,390735975.0,338491374.0,561220.0,243940.0,499206.43,507019.71
220,2021-07-21,391248955.0,339102867.0,512980.0,611493.0,421938.57,516441.14
221,2021-07-22,391998625.0,339763765.0,749670.0,660898.0,465732.86,529830.29
222,2021-07-23,393929955.0,340363922.0,1931330.0,600157.0,652874.29,537109.14
223,2021-07-24,394936815.0,341039972.0,1006860.0,676050.0,690872.86,542932.0
224,2021-07-25,394948975.0,341818968.0,12160.0,778996.0,692624.29,582658.57
225,2021-07-26,394949575.0,342212051.0,600.0,393083.0,682117.14,566373.86
226,2021-07-27,395460845.0,342607540.0,511270.0,395489.0,674981.43,588023.71
227,2021-07-28,395974515.0,343361524.0,513670.0,753984.0,675080.0,608379.57
228,2021-07-29,397464625.0,344071595.0,1490110.0,710071.0,780857.14,615404.29
229,2021-07-30,399090105.0,344928514.0,1625480.0,856919.0,737164.29,652084.57
230,2021-07-31,400675525.0,345640466.0,1585420.0,711952.0,819815.71,657213.43
231,2021-08-01,400674525.0,346456669.0,-1000.0,816203.0,817935.71,662528.71
232,2021-08-02,400674965.0,346924345.0,440.0,467676.0,817912.86,673184.86
233,2021-08-03,401229975.0,347377149.0,555010.0,452804.0,824161.43,681372.71
234,2021-08-04,402010455.0,348102478.0,780480.0,725329.0,862277.14,677279.14
235,2021-08-05,403047945.0,348966419.0,1037490.0,863941.0,797617.14,699260.57
236,2021-08-06,405102715.0,349787479.0,2054770.0,821060.0,858944.29,694137.86
237,2021-08-07,407550175.0,350627188.0,2447460.0,839709.0,982092.86,712388.86
238,2021-08-08,407561705.0,351400930.0,11530.0,773742.0,983882.86,706323.0
239,2021-08-09,407560705.0,351933175.0,-1000.0,532245.0,983677.14,715547.14
240,2021-08-10,408325135.0,352550944.0,764430.0,617769.0,1013594.29,739113.57
241,2021-08-11,409566315.0,353205544.0,1241180.0,654600.0,1079408.57,729009.43
242,2021-08-12,411253925.0,353859894.0,1687610.0,654350.0,1172282.86,699067.86
243,2021-08-13,414376925.0,354777950.0,3123000.0,918056.0,1324887.14,712924.43
244,2021-08-14,415915655.0,355768825.0,1538730.0,990875.0,1195068.57,734519.57
245,2021-08-15,415957645.0,356433665.0,41990.0,664840.0,1199420.0,718962.14
246,2021-08-16,415958305.0,357292057.0,660.0,858392.0,1199657.14,765554.57
247,2021-08-17,417477975.0,357894995.0,1519670.0,602938.0,1307548.57,763435.86
248,2021-08-18,419612925.0,358599835.0,2134950.0,704840.0,1435230.0,770613.0
249,2021-08-19,422175735.0,359623380.0,2562810.0,1023545.0,1560258.57,823355.14
250,2021-08-20,426106115.0,360634287.0,3930380.0,1010907.0,1675598.57,836619.57
251,2021-08-21,428506065.0,361684564.0,2399950.0,1050277.0,1798630.0,845105.57
252,2021-08-22,428531345.0,362657771.0,25280.0,973207.0,1796242.86,889158.0
253,2021-08-23,428528965.0,363267789.0,-2380.0,610018.0,1795808.57,853676.0
254,2021-08-24,428529385.0,363915792.0,420.0,648003.0,1578772.86,860113.86
255,2021-08-25,430118615.0,364842701.0,1589230.0,926909.0,1500812.86,891838.0
256,2021-08-26,434582185.0,365767674.0,4463570.0,924973.0,1772350.0,877756.29
257,2021-08-27,437567285.0,366838484.0,2985100.0,1070810.0,1637310.0,886313.86
258,2021-08-28,439428235.0,367911870.0,1860950.0,1073386.0,1560310.0,889615.14
259,2021-08-29,440028085.0,368863734.0,599850.0,951864.0,1642391.43,886566.14
260,2021-08-30,440026945.0,369556911.0,-1140.0,693177.0,1642568.57,898446.0
261,2021-08-31,441332155.0,370212027.0,1305210.0,655116.0,1828967.14,899462.14
262,2021-09-01,443741705.0,371280129.0,2409550.0,1068102.0,1946155.71,919632.57
263,2021-09-02,445672595.0,372116617.0,1930890.0,836488.0,1584344.29,906991.86
264,2021-09-03,447619715.0,373516809.0,1947120.0,1400192.0,1436061.43,954046.43
265,2021-09-04,450175825.0,374488924.0,2556110.0,972115.0,1535370.0,939579.14
266,2021-09-05,450126915.0,375088354.0,-48910.0,599430.0,1442690.0,889231.43
267,2021-09-06,450121875.0,375492903.0,-5040.0,404549.0,1442132.86,847998.86
268,2021-09-07,450122155.0,375995378.0,280.0,502475.0,1255714.29,826193.0
269,2021-09-08,450584465.0,376955132.0,462310.0,959754.0,977537.14,810714.71
270,2021-09-09,452781195.0,377622065.0,2196730.0,666933.0,1015514.29,786492.57
271,2021-09-10,454332805.0,378569717.0,1551610.0,947652.0,959012.86,721844.0
272,2021-09-11,456755075.0,379472220.0,2422270.0,902503.0,939892.86,711899.43
273,2021-09-12,456755755.0,380241903.0,680.0,769683.0,946977.14,736221.29
274,2021-09-13,456755755.0,380831725.0,0.0,589822.0,947697.14,762688.86
275,2021-09-14,458771465.0,381453265.0,2015710.0,621540.0,1235615.71,779698.14
276,2021-09-15,461117525.0,382294795.0,2346060.0,841530.0,1504722.86,762809.0
277,2021-09-16,462384885.0,383038403.0,1267360.0,743608.0,1371955.71,773762.57
278,2021-09-17,464315725.0,383994877.0,1930840.0,956474.0,1426131.43,775022.86
279,2021-09-18,466569635.0,384911290.0,2253910.0,916413.0,1402080.0,777010.0
280,2021-09-19,466561785.0,385586012.0,-7850.0,674722.0,1400861.43,763444.14
281,2021-09-20,466535855.0,386237881.0,-25930.0,651869.0,1397157.14,772308.0
282,2021-09-21,467249715.0,386780816.0,713860.0,542935.0,1211178.57,761078.71
283,2021-09-22,468248675.0,387493716.0,998960.0,712900.0,1018735.71,742703.0
284,2021-09-23,469561625.0,387821704.0,1312950.0,327988.0,1025248.57,683328.71
285,2021-09-24,470630875.0,388567109.0,1069250.0,745405.0,902164.29,653176.0
286,2021-09-25,471821155.0,389372689.0,1190280.0,805580.0,750217.14,637342.71
287,2021-09-26,471814235.0,390114328.0,-6920.0,741639.0,750350.0,646902.29
288,2021-09-27,471818715.0,390664923.0,4480.0,550595.0,754694.29,632434.57
289,2021-09-28,472646105.0,391152574.0,827390.0,487651.0,770912.86,624536.86
290,2021-09-29,473954085.0,391992662.0,1307980.0,840088.0,815058.57,642706.57
291,2021-09-30,474245945.0,392909995.0,291860.0,917333.0,669188.57,726898.71
292,2021-10-01,477069555.0,393756866.0,2823610.0,846871.0,919811.43,741393.86
293,2021-10-02,478362045.0,394690283.0,1292490.0,933417.0,934412.86,759656.29
294,2021-10-03,478410525.0,395934825.0,48480.0,1244542.0,942327.14,831499.57
295,2021-10-04,478392765.0,396919564.0,-17760.0,984739.0,939150.0,893520.14
296,2021-10-05,479356915.0,397718055.0,964150.0,798491.0,958687.14,937925.86
297,2021-10-06,480427985.0,398675414.0,1071070.0,957359.0,924842.86,954678.86
298,2021-10-07,482326275.0,399552444.0,1898290.0,877030.0,1154332.86,948921.29
299,2021-10-08,485713525.0,400669422.0,3387250.0,1116978.0,1234852.86,987508.0
300,2021-10-09,487277035.0,401819240.0,1563510.0,1149818.0,1273570.0,1018422.43
301,2021-10-10,487283605.0,402587449.0,6570.0,768209.0,1267582.86,950374.86
302,2021-10-11,487276275.0,403073841.0,-7330.0,486392.0,1269072.86,879182.43
303,2021-10-12,488178975.0,403576826.0,902700.0,502985.0,1260294.29,836967.29
304,2021-10-13,489254145.0,404371247.0,1075170.0,794421.0,1260880.0,813690.43
305,2021-10-14,490951045.0,405444558.0,1696900.0,1073311.0,1232110.0,841730.57
306,2021-10-15,493139295.0,406570875.0,2188250.0,1126317.0,1060824.29,843064.71
307,2021-10-16,494918755.0,407446961.0,1779460.0,876086.0,1091674.29,803960.14
308,2021-10-17,494698695.0,408265959.0,-220060.0,818998.0,1059298.57,811215.71
309,2021-10-18,494655075.0,408797942.0,-43620.0,531983.0,1054114.29,817728.71
310,2021-10-19,495844635.0,409438987.0,1189560.0,641045.0,1095094.29,837451.57
311,2021-10-20,496915265.0,410189737.0,1070630.0,750750.0,1094445.71,831212.86
312,2021-10-21,498702405.0,411010650.0,1787140.0,820913.0,1107337.14,795156.0
313,2021-10-22,501613665.0,411963025.0,2911260.0,952375.0,1210624.29,770307.14
314,2021-10-23,503521625.0,412856169.0,1907960.0,893144.0,1228981.43,772744.0
315,2021-10-24,503493015.0,413645478.0,-28610.0,789309.0,1256331.43,768502.71
316,2021-10-25,503418475.0,414302192.0,-74540.0,656714.0,1251914.29,786321.43
317,2021-10-26,504584715.0,415012026.0,1166240.0,709834.0,1248582.86,796148.43
318,2021-10-27,507637305.0,416154424.0,3052590.0,1142398.0,1531720.0,852098.14
319,2021-10-28,510735525.0,417795537.0,3098220.0,1641113.0,1719017.14,969269.57
320,2021-10-29,514925015.0,419020753.0,4189490.0,1225216.0,1901621.43,1008246.86
321,2021-10-30,518701225.0,420657683.0,3776210.0,1636930.0,2168514.29,1114502.0
322,2021-10-31,518696735.0,422070099.0,-4490.0,1412416.0,2171960.0,1203517.29
323,2021-11-01,518561375.0,423005384.0,-135360.0,935285.0,2163271.43,1243313.14
324,2021-11-02,521502845.0,423942794.0,2941470.0,937410.0,2416875.71,1275824.0
325,2021-11-03,525071855.0,425272828.0,3569010.0,1330034.0,2490650.0,1302629.14
326,2021-11-04,528775895.0,426728092.0,3704040.0,1455264.0,2577195.71,1276079.29
327,2021-11-05,531287645.0,428006540.0,2511750.0,1278448.0,2337518.57,1283683.86
328,2021-11-06,533019545.0,429442508.0,1731900.0,1435968.0,2045474.29,1254975.0
329,2021-11-07,534081335.0,430927624.0,1061790.0,1485116.0,2197800.0,1265360.71
330,2021-11-08,534086695.0,432111860.0,5360.0,1184236.0,2217902.86,1300925.14
331,2021-11-09,536665505.0,433156393.0,2578810.0,1044533.0,2166094.29,1316228.43
332,2021-11-10,541361525.0,434486889.0,4696020.0,1330496.0,2327095.71,1316294.43
333,2021-11-11,546708885.0,435999497.0,5347360.0,1512608.0,2561855.71,1324486.43
334,2021-11-12,551000705.0,437352000.0,4291820.0,1352503.0,2816151.43,1335065.71
335,2021-11-13,553881535.0,439034461.0,2880830.0,1682461.0,2980284.29,1370279.0
336,2021-11-14,553802305.0,440559613.0,-79230.0,1525152.0,2817281.43,1375998.43
337,2021-11-15,553705305.0,442005260.0,-97000.0,1445647.0,2802658.57,1413342.86
338,2021-11-16,556077145.0,443374199.0,2371840.0,1368939.0,2773091.43,1459686.57
339,2021-11-17,558460315.0,444789186.0,2383170.0,1414987.0,2442684.29,1471756.71
340,2021-11-18,561149025.0,446250342.0,2688710.0,1461156.0,2062877.14,1464406.43
341,2021-11-19,562868095.0,448155906.0,1719070.0,1905564.0,1695341.43,1543415.14
342,2021-11-20,567081775.0,449955588.0,4213680.0,1799682.0,1885748.57,1560161.0
343,2021-11-21,566964025.0,451453834.0,-117750.0,1498246.0,1880245.71,1556317.29
344,2021-11-22,566766665.0,452657967.0,-197360.0,1204133.0,1865908.57,1521815.29
345,2021-11-23,569050695.0,452704982.0,2284030.0,47015.0,1853364.29,1332969.0
346,2021-11-24,572190175.0,454447737.0,3139480.0,1742755.0,1961408.57,1379793.0
347,2021-11-25,572190175.0,454447737.0,0.0,0.0,1577307.14,1171056.43
348,2021-11-26,572190175.0,454447737.0,0.0,0.0,1331725.71,898833.0
349,2021-11-27,572190175.0,454447737.0,0.0,0.0,729771.43,641735.57
350,2021-11-28,572190175.0,454447737.0,0.0,0.0,746592.86,427700.43
351,2021-11-29,570662725.0,459234791.0,-1527450.0,4787054.0,556580.0,939546.29
352,2021-11-30,573238255.0,460773508.0,2575530.0,1538717.0,598222.86,1152646.57
353,2021-12-01,575721925.0,462263845.0,2483670.0,1490337.0,504535.71,1116586.86
354,2021-12-02,578263565.0,464445580.0,2541640.0,2181735.0,867627.14,1428263.29
355,2021-12-03,580893145.0,466348132.0,2629580.0,1902552.0,1243281.43,1700056.43
356,2021-12-04,581107805.0,468516782.0,214660.0,2168650.0,1273947.14,2009863.57
357,2021-12-05,580417105.0,470297846.0,-690700.0,1781064.0,1175275.71,2264301.29
358,2021-12-06,580074805.0,471700443.0,-342300.0,1402597.0,1344582.86,1780807.43
359,2021-12-07,582057445.0,473243228.0,1982640.0,1542785.0,1259884.29,1781388.57
360,2021-12-08,586471075.0,475728399.0,4413630.0,2485171.0,1535592.86,1923507.71
361,2021-12-09,588422575.0,477433765.0,1951500.0,1705366.0,1451287.14,1855455.0
362,2021-12-10,591558685.0,480567772.0,3136110.0,3134007.0,1523648.57,2031377.14
363,2021-12-11,594372295.0,482695970.0,2813610.0,2128198.0,1894927.14,2025598.29
364,2021-12-12,594475575.0,484190896.0,103280.0,1494926.0,2008352.86,1984721.43
365,2021-12-13,594465265.0,485359746.0,-10310.0,1168850.0,2055780.0,1951329.0
366,2021-12-14,597270245.0,486574475.0,2804980.0,1214729.0,2173257.14,1904463.86
367,2021-12-15,599876215.0,488296089.0,2605970.0,1721614.0,1915020.0,1795384.29
368,2021-12-16,602523315.0,490030849.0,2647100.0,1734760.0,2014391.43,1799583.43
369,2021-12-17,606975165.0,491892649.0,4451850.0,1861800.0,2202354.29,1617839.57
370,2021-12-18,605954475.0,493632529.0,-1020690.0,1739880.0,1654597.14,1562365.57
371,2021-12-19,605236885.0,495101938.0,-717590.0,1469409.0,1537330.0,1558720.29
372,2021-12-20,604414885.0,496239573.0,-822000.0,1137635.0,1421374.29,1554261.0
373,2021-12-21,606309295.0,497375025.0,1894410.0,1135452.0,1291292.86,1542935.71
374,2021-12-22,609035545.0,499013558.0,2726250.0,1638533.0,1308475.71,1531067.0
375,2021-12-23,611897975.0,500222330.0,2862430.0,1208772.0,1339237.14,1455925.86
376,2021-12-24,612598235.0,501888667.0,700260.0,1666337.0,803295.71,1428002.57
377,2021-12-25,612621975.0,502564690.0,23740.0,676023.0,952500.0,1276023.0
378,2021-12-26,610176715.0,502788687.0,-2445260.0,223997.0,705690.0,1098107.0
379,2021-12-27,609589955.0,503480667.0,-586760.0,691980.0,739295.71,1034442.0
380,2021-12-28,609591375.0,505013980.0,1420.0,1533313.0,468868.57,1091279.29
381,2021-12-29,614262265.0,506313935.0,4670890.0,1299955.0,746674.29,1042911.0
382,2021-12-30,615358465.0,507657980.0,1096200.0,1344045.0,494355.71,1062235.71
383,2021-12-31,615262365.0,509307789.0,-96100.0,1649809.0,380590.0,1059874.57
384,2022-01-01,614785825.0,509998974.0,-476540.0,691185.0,309121.43,1062040.57
385,2022-01-02,614572535.0,509998974.0,-213290.0,0.0,627974.29,1030041.0
386,2022-01-03,614409465.0,511021395.0,-163070.0,1022421.0,688501.43,1077246.86
387,2022-01-04,614411815.0,512665013.0,2350.0,1643618.0,688634.29,1093004.71
388,2022-01-05,618076045.0,513839973.0,3664230.0,1174960.0,544825.71,1075148.29
389,2022-01-06,632575655.0,515162867.0,14499610.0,1322894.0,2459598.57,1072126.71
390,2022-01-07,632575655.0,516597039.0,0.0,1434172.0,2473327.14,1041321.43
391,2022-01-08,639717695.0,518021463.0,7142040.0,1424424.0,3561695.71,1146069.86
392,2022-01-09,639673115.0,519335422.0,-44580.0,1313959.0,3585797.14,1333778.29
393,2022-01-10,639652445.0,520166098.0,-20670.0,830676.0,3606140.0,1306386.14
394,2022-01-11,641885155.0,521156804.0,2232710.0,990706.0,3924762.86,1213113.0
395,2022-01-12,644652095.0,522482674.0,2766940.0,1325870.0,3796578.57,1234671.57
396,2022-01-13,646546885.0,524199956.0,1894790.0,1717282.0,1995890.0,1291012.71
397,2022-01-14,648764695.0,525604449.0,2217810.0,1404493.0,2312720.0,1286772.86
398,2022-01-15,651532915.0,526898876.0,2768220.0,1294427.0,1687888.57,1268201.86
399,2022-01-16,651561015.0,527903848.0,28100.0,1004972.0,1698271.43,1224060.86
400,2022-01-17,651561015.0,528553599.0,0.0,649751.0,1701224.29,1198214.43
401,2022-01-18,651979525.0,529266561.0,418510.0,712962.0,1442052.86,1158536.71
402,2022-01-19,654197025.0,530430844.0,2217500.0,1164283.0,1363561.43,1135452.86
403,2022-01-20,655282365.0,531864871.0,1085340.0,1434027.0,1247925.71,1094987.86
404,2022-01-21,657122745.0,532850229.0,1840380.0,985358.0,1194007.14,1035111.43
405,2022-01-22,659822615.0,533915132.0,2699870.0,1064903.0,1184242.86,1002322.29
406,2022-01-23,659895815.0,534608709.0,73200.0,693577.0,1190685.71,957837.29
407,2022-01-24,659896715.0,535307175.0,900.0,698466.0,1190814.29,964796.57
408,2022-01-25,660939155.0,536347783.0,1042440.0,1040608.0,1279947.14,1011603.14
409,2022-01-26,662359855.0,537171553.0,1420700.0,823770.0,1166118.57,962958.43
410,2022-01-27,663451855.0,536370947.0,1092000.0,-800606.0,1167070.0,643725.14
411,2022-01-28,664844185.0,537238853.0,1392330.0,867906.0,1103062.86,626946.29
412,2022-01-29,666304825.0,538086232.0,1460640.0,847379.0,926030.0,595871.43
413,2022-01-30,666319395.0,538829920.0,14570.0,743688.0,917654.29,603030.14
414,2022-01-31,666319295.0,539337296.0,-100.0,507376.0,917511.43,575731.57
415,2022-02-01,667094365.0,539921122.0,775070.0,583826.0,879315.71,510477.0
416,2022-02-02,668308025.0,540630198.0,1213660.0,709076.0,849738.57,494092.14
417,2022-02-03,669540355.0,541410847.0,1232330.0,780649.0,869785.71,719985.71
418,2022-02-04,670318455.0,541999800.0,778100.0,588953.0,782038.57,680135.29
419,2022-02-05,670472455.0,542675367.0,154000.0,675567.0,595375.71,655590.71
420,2022-02-06,670573255.0,543220044.0,100800.0,544677.0,607694.29,627160.57
421,2022-02-07,670573355.0,543619492.0,100.0,399448.0,607722.86,611742.29
422,2022-02-08,671790965.0,544139366.0,1217610.0,519874.0,670942.86,602606.29
423,2022-02-09,673608245.0,544772697.0,1817280.0,633331.0,757174.29,591785.57
424,2022-02-10,674675725.0,545477120.0,1067480.0,704423.0,733624.29,580896.14
425,2022-02-11,675764425.0,545981537.0,1088700.0,504417.0,777995.71,568819.57
426,2022-02-12,676619725.0,546624663.0,855300.0,643126.0,878181.43,564185.14
427,2022-02-13,676650825.0,547109724.0,31100.0,485061.0,868224.29,555668.57
428,2022-02-14,676650925.0,547446164.0,100.0,336440.0,868224.29,546667.43
429,2022-02-15,677198225.0,547948656.0,547300.0,502492.0,772465.71,544184.29
430,2022-02-16,677808725.0,548391614.0,610500.0,442958.0,600068.57,516988.14
431,2022-02-17,684648105.0,548934364.0,6839380.0,542750.0,1424625.71,493892.0
432,2022-02-18,685838905.0,549419374.0,1190800.0,485010.0,1439211.43,491119.57
433,2022-02-19,686495805.0,549939423.0,656900.0,520049.0,1410868.57,473537.14
434,2022-02-20,686513305.0,550238498.0,17500.0,299075.0,1408925.71,446967.71
435,2022-02-21,686514305.0,550480515.0,1000.0,242017.0,1409054.29,433478.71
436,2022-02-22,686948505.0,550924900.0,434200.0,444385.0,1392897.14,425177.71
437,2022-02-23,687728405.0,551372287.0,779900.0,447387.0,1417097.14,425810.43
438,2022-02-24,688186745.0,551855907.0,458340.0,483620.0,505520.0,417363.29
439,2022-02-25,689427145.0,552025069.0,1240400.0,169162.0,512605.71,372242.14
440,2022-02-26,689797945.0,552526931.0,370800.0,501862.0,471734.29,369644.0
441,2022-02-27,689815245.0,552869516.0,17300.0,342585.0,471705.71,375859.71
442,2022-02-28,690214745.0,553079296.0,399500.0,209780.0,528634.29,371254.43
443,2022-03-01,690435045.0,553378046.0,220300.0,298750.0,498077.14,350449.43
444,2022-03-02,691012865.0,553778476.0,577820.0,400430.0,469208.57,343741.29
445,2022-03-03,691748065.0,554168735.0,735200.0,390259.0,508760.0,330404.0
446,2022-03-04,692727735.0,554532208.0,979670.0,363473.0,471512.86,358162.71
447,2022-03-05,693416435.0,554868239.0,688700.0,336031.0,516927.14,334472.57
448,2022-03-06,693429635.0,555112353.0,13200.0,244114.0,516341.43,320405.29
449,2022-03-07,693433335.0,555332256.0,3700.0,219903.0,459798.57,321851.43
450,2022-03-08,693860235.0,555595418.0,426900.0,263162.0,489312.86,316767.43
451,2022-03-09,694288735.0,555897985.0,428500.0,302567.0,467981.43,302787.0
452,2022-03-10,694725135.0,556252766.0,436400.0,354781.0,425295.71,297718.71
453,2022-03-11,695483935.0,556397627.0,758800.0,144861.0,393742.86,266488.43
454,2022-03-12,695483935.0,556777608.0,0.0,379981.0,295357.14,272767.0
455,2022-03-13,695483935.0,556980091.0,0.0,202483.0,293471.43,266819.71
456,2022-03-14,695949235.0,557138106.0,465300.0,158015.0,359414.29,257978.57
457,2022-03-15,696302775.0,557407604.0,353540.0,269498.0,348934.29,258883.71
458,2022-03-16,696801055.0,557644629.0,498280.0,237025.0,358902.86,249520.57
459,2022-03-17,697440555.0,557902891.0,639500.0,258262.0,387917.14,235732.14
460,2022-03-18,698418075.0,558121108.0,977520.0,218217.0,419162.86,246211.57
461,2022-03-19,698418075.0,558366410.0,0.0,245302.0,419162.86,226971.71
462,2022-03-20,698418375.0,558544815.0,300.0,178405.0,419205.71,223532.0
463,2022-03-21,698418375.0,558678770.0,0.0,133955.0,352734.29,220094.86
464,2022-03-22,698418375.0,558649472.0,0.0,-29298.0,302228.57,177409.71
465,2022-03-23,699566225.0,558918245.0,1147850.0,268773.0,395024.29,181945.14
466,2022-03-24,699987725.0,559242230.0,421500.0,323985.0,363881.43,191334.14
467,2022-03-25,700489165.0,559436368.0,501440.0,194138.0,295870.0,187894.29
468,2022-03-26,701242465.0,559705770.0,753300.0,269402.0,403484.29,191337.14
469,2022-03-27,701257665.0,559873640.0,15200.0,167870.0,405612.86,189832.14
470,2022-03-28,701257665.0,559976590.0,0.0,102950.0,405612.86,185402.86
471,2022-03-29,701686165.0,560181791.0,428500.0,205201.0,466827.14,218902.71
472,2022-03-30,702181465.0,560419082.0,495300.0,237291.0,373605.71,214405.29
473,2022-03-31,702957265.0,560823729.0,775800.0,404647.0,424220.0,225928.43
474,2022-04-01,703016545.0,561173692.0,59280.0,349963.0,361054.29,248189.14
475,2022-04-02,705215245.0,561659770.0,2198700.0,486078.0,567540.0,279142.86
476,2022-04-03,705237845.0,562085242.0,22600.0,425472.0,568597.14,315943.14
477,2022-04-04,705237845.0,562435301.0,0.0,350059.0,568597.14,351244.43
478,2022-04-05,705978645.0,562935409.0,740800.0,500108.0,613211.43,393374.0
479,2022-04-06,707281045.0,563391773.0,1302400.0,456364.0,728511.43,424670.14
480,2022-04-07,708450345.0,563999093.0,1169300.0,607320.0,784725.71,453623.43
481,2022-04-08,710119045.0,564572230.0,1668700.0,573137.0,1014642.86,485505.43
482,2022-04-09,710119345.0,565162367.0,300.0,590137.0,700585.71,500371.0
483,2022-04-10,711815445.0,565598011.0,1696100.0,435644.0,939657.14,501824.14
484,2022-04-11,711815445.0,565945931.0,0.0,347920.0,939657.14,501518.57
485,2022-04-12,712646145.0,566532062.0,830700.0,586131.0,952500.0,513807.57
486,2022-04-13,713605745.0,567188881.0,959600.0,656819.0,903528.57,542444.0
487,2022-04-14,714749345.0,567818086.0,1143600.0,629205.0,899857.14,545570.43
488,2022-04-15,716587745.0,568313997.0,1838400.0,495911.0,924100.0,534538.14
489,2022-04-16,718039345.0,569032907.0,1451600.0,718910.0,1131428.57,552934.29
490,2022-04-17,718074545.0,569397972.0,35200.0,365065.0,894157.14,542851.57
491,2022-04-18,718074545.0,569642898.0,0.0,244926.0,894157.14,528138.14
492,2022-04-19,718395045.0,570111773.0,320500.0,468875.0,821271.43,511387.29
493,2022-04-20,719789345.0,570485199.0,1394300.0,373426.0,883371.43,470902.57
494,2022-04-21,720813845.0,571201893.0,1024500.0,716694.0,866357.14,483401.0
495,2022-04-22,721895045.0,571636588.0,1081200.0,434695.0,758185.71,474655.86
496,2022-04-23,723181345.0,572183620.0,1286300.0,547032.0,734571.43,450101.86
497,2022-04-24,723183845.0,572595338.0,2500.0,411718.0,729900.0,456766.57
498,2022-04-25,723209645.0,572829658.0,25800.0,234320.0,733585.71,455251.43
499,2022-04-26,723926545.0,573582745.0,716900.0,753087.0,790214.29,495853.14
500,2022-04-27,724696315.0,574232736.0,769770.0,649991.0,700995.71,535362.43
501,2022-04-28,725595715.0,574738978.0,899400.0,506242.0,683124.29,505297.86
502,2022-04-29,727120115.0,575257890.0,1524400.0,518912.0,746438.57,517328.86
503,2022-04-30,728344715.0,575765730.0,1224600.0,507840.0,737624.29,511730.0
504,2022-05-01,728356815.0,576148079.0,12100.0,382349.0,738995.71,507534.43
505,2022-05-02,728357115.0,576402886.0,300.0,254807.0,735352.86,510461.14
506,2022-05-03,728911015.0,576940211.0,553900.0,537325.0,712067.14,479638.0
507,2022-05-04,729623415.0,577306842.0,712400.0,366631.0,703871.43,439158.0
508,2022-05-05,730391415.0,577843905.0,768000.0,537063.0,685100.0,443561.0
509,2022-05-06,731540715.0,578245154.0,1149300.0,401249.0,631514.29,426752.0
510,2022-05-07,732182715.0,578726209.0,642000.0,481055.0,548285.71,422925.57
511,2022-05-08,732209015.0,579030245.0,26300.0,304036.0,550314.29,411738.0
512,2022-05-09,732209615.0,579242327.0,600.0,212082.0,550357.14,405634.43
513,2022-05-10,732806655.0,579685594.0,597040.0,443267.0,556520.0,392197.57
514,2022-05-11,733497155.0,580038981.0,690500.0,353387.0,553391.43,390305.57
515,2022-05-12,734783455.0,580514653.0,1286300.0,475672.0,627434.29,381535.43
516,2022-05-13,736029755.0,580915871.0,1246300.0,401218.0,641291.43,381531.0
517,2022-05-14,736964755.0,581376728.0,935000.0,460857.0,683148.57,378645.57
518,2022-05-15,736970055.0,581670838.0,5300.0,294110.0,680148.57,377227.57
519,2022-05-16,737076255.0,581841231.0,106200.0,170393.0,695234.29,371272.0
520,2022-05-17,737439955.0,582348105.0,363700.0,506874.0,661900.0,380358.71
521,2022-05-18,738312155.0,582757136.0,872200.0,409031.0,687857.14,388307.86
522,2022-05-19,739095455.0,583221364.0,783300.0,464228.0,616000.0,386673.0
523,2022-05-20,740540955.0,583478451.0,1445500.0,257087.0,644457.14,366082.86
524,2022-05-21,741658255.0,583987461.0,1117300.0,509010.0,670500.0,372961.86
525,2022-05-22,741676155.0,584279990.0,17900.0,292529.0,672300.0,372736.0
526,2022-05-23,741676155.0,584449398.0,0.0,169408.0,657128.57,372595.29
527,2022-05-24,742543055.0,585029684.0,866900.0,580286.0,729014.29,383082.71
528,2022-05-25,743369455.0,585416027.0,826400.0,386343.0,722471.43,379841.57
529,2022-05-26,744812955.0,586008740.0,1443500.0,592713.0,816785.71,398196.57
530,2022-05-27,746456955.0,586508124.0,1644000.0,499384.0,845142.86,432810.43
531,2022-05-28,747519955.0,586912385.0,1063000.0,404261.0,837385.71,417846.29
532,2022-05-29,747537255.0,587120356.0,17300.0,207971.0,837300.0,405766.57
533,2022-05-30,747537255.0,587242048.0,0.0,121692.0,837300.0,398950.0
534,2022-05-31,747537255.0,587360320.0,0.0,118272.0,713457.14,332948.0
535,2022-06-01,747974855.0,587821662.0,437600.0,461342.0,657914.29,343662.14
536,2022-06-02,749151955.0,588223208.0,1177100.0,401546.0,619857.14,316352.57
537,2022-06-03,749982055.0,588473704.0,830100.0,250496.0,503585.71,280797.14
538,2022-06-04,751414255.0,588874667.0,1432200.0,400963.0,556328.57,280326.0
539,2022-06-05,751433155.0,589110077.0,18900.0,235410.0,556557.14,284245.86
540,2022-06-06,751433155.0,589231370.0,0.0,121293.0,556557.14,284188.86
541,2022-06-07,752083155.0,589654645.0,650000.0,423275.0,649414.29,327760.71
542,2022-06-08,752781755.0,589852206.0,698600.0,197561.0,686700.0,290077.71
543,2022-06-09,754073055.0,590076511.0,1291300.0,224305.0,703014.29,264757.57
544,2022-06-10,755336055.0,590441517.0,1263000.0,365006.0,764857.14,281116.14
545,2022-06-11,756104155.0,590795244.0,768100.0,353727.0,669985.71,274368.14
546,2022-06-12,756125655.0,590999136.0,21500.0,203892.0,670357.14,269865.57
547,2022-06-13,756126355.0,591103144.0,700.0,104008.0,670457.14,267396.29
548,2022-06-14,756780755.0,591406403.0,654400.0,303259.0,671085.71,250251.14
549,2022-06-15,757425455.0,591982644.0,644700.0,576241.0,663385.71,304348.29
550,2022-06-16,758129055.0,592269252.0,703600.0,286608.0,579428.57,313248.71
551,2022-06-22,762236905.0,593739529.0,4107850.0,1470277.0,985835.71,471144.57
552,2022-06-29,770337705.0,596233489.0,8100800.0,2493960.0,2033364.29,776892.14
553,2022-07-06,774307105.0,597655035.0,3969400.0,1421546.0,2597350.0,950842.71
554,2022-07-13,779563765.0,599289113.0,5256660.0,1634078.0,3348201.43,1169424.14
555,2022-07-20,784110065.0,601497801.0,4546300.0,2208688.0,3904187.14,1441628.29
556,2022-07-27,789714195.0,603693871.0,5604130.0,2196070.0,4612677.14,1673032.43
557,2022-08-03,794231535.0,604235972.0,4517340.0,542101.0,5157497.14,1709531.43
558,2022-08-10,799444535.0,606162842.0,5213000.0,1926870.0,5315375.71,1774759.0
559,2022-08-17,803252035.0,607588353.0,3807500.0,1425511.0,4702047.14,1622123.43
560,2022-08-24,806829135.0,608937334.0,3577100.0,1348981.0,4646004.29,1611757.0
561,2022-08-31,809924135.0,610012616.0,3095000.0,1075282.0,4337195.71,1531929.0
562,2022-09-07,817498295.0,610686563.0,7574160.0,673947.0,4769747.14,1312680.29
563,2022-09-14,834376095.0,612781120.0,16877800.0,2094557.0,6380271.43,1298178.43
564,2022-09-21,843692095.0,616172308.0,9316000.0,3391188.0,7065794.29,1705190.86
565,2022-09-28,854087395.0,619765972.0,10395300.0,3593664.0,7806122.86,1943304.29
566,2022-10-05,863234395.0,624198981.0,9147000.0,4433009.0,8568908.57,2372946.86
567,2022-10-12,871852135.0,627854963.0,8617740.0,3655982.0,9289000.0,2702518.43
568,2022-10-19,882774235.0,632905664.0,10922100.0,5050701.0,10407157.14,3270435.43
569,2022-10-26,890758935.0,636871557.0,7984700.0,3965893.0,10465805.71,3740713.43
570,2022-11-02,928460585.0,640913400.0,37701650.0,4041843.0,13440641.43,4018897.14
571,2022-11-09,905043735.0,646524294.0,-23416850.0,5610894.0,8764520.0,4335998.0
572,2022-11-16,911216095.0,650810290.0,6172360.0,4285996.0,8161242.86,4434902.57
573,2022-11-23,918653695.0,653502647.0,7437600.0,2692357.0,7917042.86,4186238.0
574,2022-11-30,921275395.0,655280140.0,2621700.0,1777493.0,7060465.71,3917882.43
575,2022-12-07,926257435.0,657927289.0,4982040.0,2647149.0,6211885.71,3574517.86
576,2022-12-14,931341585.0,660400812.0,5084150.0,2473523.0,5797521.43,3361322.14
577,2022-12-21,937298205.0,662148570.0,5956620.0,1747758.0,1262517.14,3033595.71
578,2022-12-28,939127005.0,663822575.0,1828800.0,1674005.0,4869038.57,2471183.0
579,2023-01-04,942343115.0,665076272.0,3216110.0,1253697.0,4446717.14,2037997.43
580,2023-01-11,947249345.0,666511603.0,4906230.0,1435331.0,4085092.86,1858422.29
581,2023-01-18,950455575.0,667815331.0,3206230.0,1303728.0,4168597.14,1790741.57
582,2023-01-25,953826425.0,668814259.0,3370850.0,998928.0,3938427.14,1555281.43
583,2023-02-01,956124455.0,669600840.0,2298030.0,786581.0,3540410.0,1314289.71
584,2023-02-08,958658535.0,670306507.0,2534080.0,705667.0,3051475.71,1165419.57
585,2023-02-15,961155285.0,670987625.0,2496750.0,681118.0,3146897.14,1023578.57
