id,Hardness
10407,3.557
10408,4.254
10409,6.065
10410,4.745
10411,5.857
10412,4.989
10413,4.579
10414,5.684
10415,3.867
10416,5.053
10417,3.663
10418,4.449
10419,6.154
10420,3.796
10421,5.39
10422,4.205
10423,5.603
10424,5.583
10425,5.231
10426,4.174
10427,3.907
10428,4.141
10429,5.396
10430,4.737
10431,3.923
10432,5.736
10433,5.608
10434,5.583
10435,5.7
10436,6.034
10437,5.834
10438,6.385
10439,6.219
10440,5.001
10441,3.109
10442,3.379
10443,3.324
10444,4.047
10445,5.615
10446,4.1
10447,5.345
10448,6.222
10449,4.794
10450,5.966
10451,4.766
10452,3.401
10453,5.437
10454,5.314
10455,3.808
10456,4.794
10457,2.992
10458,6.437
10459,4.978
10460,3.321
10461,5.59
10462,5.729
10463,5.772
10464,5.869
10465,3.258
10466,5.376
10467,6.171
10468,3.413
10469,5.506
10470,5.36
10471,6.142
10472,2.962
10473,5.923
10474,2.803
10475,6.168
10476,5.199
10477,5.841
10478,4.612
10479,4.454
10480,4.201
10481,4.119
10482,5.894
10483,6.156
10484,2.915
10485,3.987
10486,4.198
10487,3.312
10488,5.39
10489,5.177
10490,4.043
10491,5.708
10492,5.311
10493,3.164
10494,3.898
10495,3.738
10496,4.472
10497,5.075
10498,5.835
10499,6.292
10500,4.147
10501,3.526
10502,5.683
10503,5.72
10504,5.875
10505,4.055
10506,3.589
10507,6.207
10508,3.735
10509,3.084
10510,4.383
10511,3.34
10512,5.412
10513,5.948
10514,4.545
10515,3.692
10516,3.667
10517,5.437
10518,5.056
10519,5.802
10520,5.753
10521,4.958
10522,5.897
10523,4.206
10524,1.935
10525,4.065
10526,3.439
10527,5.724
10528,5.824
10529,4.48
10530,2.842
10531,5.149
10532,6.32
10533,5.836
10534,6.381
10535,5.416
10536,4.577
10537,4.367
10538,5.638
10539,5.832
10540,4.015
10541,3.019
10542,4.703
10543,5.463
10544,5.292
10545,5.79
10546,5.281
10547,5.536
10548,5.213
10549,5.058
10550,4.889
10551,4.219
10552,6.192
10553,5.882
10554,4.379
10555,4.234
10556,5.19
10557,5.793
10558,6.032
10559,3.887
10560,3.389
10561,5.503
10562,6.09
10563,3.679
10564,3.074
10565,5.003
10566,4.175
10567,3.693
10568,3.768
10569,5.928
10570,5.296
10571,5.884
10572,5.772
10573,4.718
10574,2.431
10575,4.244
10576,3.308
10577,4.632
10578,5.792
10579,5.84
10580,2.832
10581,6.048
10582,4.403
10583,3.364
10584,5.42
10585,3.674
10586,4.965
10587,6.749
10588,3.918
10589,6.128
10590,3.897
10591,5.992
10592,3.75
10593,5.501
10594,6.241
10595,5.551
10596,5.097
10597,6.508
10598,4.987
10599,6.025
10600,2.163
10601,5.319
10602,3.293
10603,6.134
10604,5.857
10605,3.542
10606,3.965
10607,5.928
10608,5.889
10609,6.477
10610,5.623
10611,4.779
10612,5.993
10613,6.021
10614,5.754
10615,6.083
10616,6.541
10617,5.026
10618,3.327
10619,6.057
10620,5.998
10621,4.465
10622,3.89
10623,6.149
10624,5.714
10625,5.772
10626,4.767
10627,6.014
10628,5.868
10629,5.748
10630,3.845
10631,6.166
10632,5.834
10633,3.518
10634,3.463
10635,4.541
10636,5.513
10637,5.341
10638,3.152
10639,6.138
10640,6.069
10641,4.2
10642,2.886
10643,4.617
10644,4.022
10645,5.76
10646,3.76
10647,6.212
10648,5.523
10649,5.738
10650,4.045
10651,5.229
10652,6.159
10653,5.827
10654,5.181
10655,4.083
10656,5.756
10657,3.587
10658,6.215
10659,5.789
10660,4.062
10661,5.313
10662,3.31
10663,6.185
10664,3.471
10665,6.271
10666,6.177
10667,4.993
10668,5.937
10669,4.175
10670,5.199
10671,5.824
10672,3.094
10673,3.248
10674,4.947
10675,4.932
10676,2.735
10677,3.644
10678,4.1
10679,3.112
10680,5.639
10681,4.836
10682,4.747
10683,5.328
10684,3.021
10685,5.155
10686,3.686
10687,5.665
10688,6.21
10689,4.73
10690,4.857
10691,5.782
10692,5.558
10693,5.268
10694,5.943
10695,4.789
10696,6.122
10697,5.466
10698,4.12
10699,2.945
10700,4.068
10701,5.241
10702,5.749
10703,4.634
10704,2.583
10705,5.672
10706,5.382
10707,6.334
10708,3.523
10709,3.634
10710,4.958
10711,5.108
10712,6.165
10713,3.566
10714,4.371
10715,6.071
10716,4.968
10717,5.816
10718,5.462
10719,5.631
10720,5.851
10721,4.666
10722,3.009
10723,4.988
10724,5.254
10725,4.625
10726,3.496
10727,3.127
10728,3.061
10729,5.994
10730,5.505
10731,4.964
10732,3.342
10733,2.681
10734,5.933
10735,5.839
10736,5.89
10737,4.104
10738,5.935
10739,3.768
10740,2.959
10741,5.499
10742,3.091
10743,5.472
10744,3.727
10745,5.484
10746,3.225
10747,2.87
10748,6.084
10749,4.627
10750,4.535
10751,5.996
10752,4.677
10753,3.644
10754,6.364
10755,5.752
10756,4.399
10757,2.923
10758,4.726
10759,3.38
10760,6.06
10761,5.785
10762,5.639
10763,5.217
10764,5.218
10765,4.122
10766,5.744
10767,5.453
10768,5.662
10769,5.604
10770,5.583
10771,3.602
10772,6.142
10773,3.275
10774,5.949
10775,5.377
10776,4.789
10777,4.628
10778,6.388
10779,5.752
10780,4.688
10781,4.025
10782,5.596
10783,4.248
10784,6.028
10785,6.177
10786,5.207
10787,6.144
10788,5.697
10789,6.097
10790,3.273
10791,5.162
10792,6.2
10793,6.382
10794,5.517
10795,5.733
10796,4.969
10797,5.581
10798,5.551
10799,5.598
10800,3.408
10801,6.063
10802,5.673
10803,5.276
10804,6.346
10805,6.225
10806,6.081
10807,6.204
10808,4.339
10809,3.68
10810,5.768
10811,3.955
10812,3.042
10813,5.859
10814,5.868
10815,2.867
10816,5.027
10817,5.5
10818,4.737
10819,5.92
10820,5.869
10821,3.37
10822,3.128
10823,5.985
10824,5.207
10825,5.896
10826,4.567
10827,5.662
10828,3.669
10829,6.134
10830,5.834
10831,5.092
10832,5.898
10833,6.087
10834,5.343
10835,5.13
10836,3.733
10837,5.45
10838,3.218
10839,3.68
10840,5.775
10841,5.629
10842,6.219
10843,5.032
10844,3.613
10845,3.684
10846,5.909
10847,6.019
10848,4.345
10849,6.25
10850,5.831
10851,4.021
10852,5.398
10853,4.644
10854,5.066
10855,4.326
10856,4.808
10857,5.693
10858,5.465
10859,5.652
10860,6.478
10861,5.312
10862,5.744
10863,4.22
10864,5.358
10865,5.916
10866,5.298
10867,4.617
10868,4.294
10869,4.749
10870,6.135
10871,6.527
10872,4.681
10873,5.095
10874,6.132
10875,6.24
10876,5.753
10877,5.372
10878,6.417
10879,5.706
10880,4.124
10881,6.378
10882,4.003
10883,3.313
10884,3.215
10885,5.791
10886,3.21
10887,4.673
10888,5.434
10889,5.914
10890,5.562
10891,4.306
10892,5.349
10893,3.41
10894,5.627
10895,4.832
10896,3.686
10897,5.921
10898,6.038
10899,4.263
10900,4.484
10901,5.725
10902,4.666
10903,3.791
10904,5.745
10905,5.46
10906,3.521
10907,3.548
10908,5.586
10909,5.177
10910,5.805
10911,5.665
10912,6.129
10913,4.865
10914,4.136
10915,3.493
10916,4.957
10917,6.223
10918,6.157
10919,5.341
10920,5.884
10921,5.202
10922,2.922
10923,4.566
10924,5.465
10925,5.774
10926,5.564
10927,4.896
10928,3.134
10929,4.353
10930,5.017
10931,3.423
10932,5.955
10933,5.922
10934,5.285
10935,5.997
10936,3.794
10937,5.51
10938,4.597
10939,6.145
10940,5.718
10941,3.19
10942,5.434
10943,6.057
10944,3.775
10945,6.057
10946,6.17
10947,4.633
10948,4.89
10949,3.805
10950,4.281
10951,5.833
10952,5.272
10953,3.977
10954,4.599
10955,5.11
10956,5.929
10957,6.254
10958,6.008
10959,4.998
10960,4.014
10961,5.19
10962,3.935
10963,4.49
10964,5.769
10965,5.575
10966,4.285
10967,5.332
10968,5.292
10969,3.659
10970,4.326
10971,5.998
10972,5.113
10973,5.267
10974,4.789
10975,3.191
10976,6.825
10977,5.401
10978,5.766
10979,2.015
10980,6.244
10981,5.849
10982,5.82
10983,3.115
10984,5.737
10985,3.577
10986,5.678
10987,5.346
10988,5.301
10989,4.412
10990,3.398
10991,4.171
10992,5.136
10993,3.776
10994,4.433
10995,4.25
10996,6.378
10997,6.561
10998,4.957
10999,4.149
11000,5.582
11001,5.97
11002,3.198
11003,5.877
11004,5.678
11005,4.253
11006,5.18
11007,5.907
11008,5.487
11009,4.496
11010,5.771
11011,5.977
11012,6.053
11013,5.217
11014,5.313
11015,5.601
11016,6.094
11017,4.87
11018,4.71
11019,4.017
11020,5.722
11021,4.5
11022,6.383
11023,5.214
11024,5.252
11025,3.802
11026,3.791
11027,4.509
11028,5.44
11029,3.103
11030,3.055
11031,6.124
11032,3.729
11033,4.825
11034,3.956
11035,4.996
11036,5.646
11037,5.969
11038,5.238
11039,5.701
11040,6.401
11041,4.982
11042,3.142
11043,4.182
11044,3.749
11045,5.885
11046,3.048
11047,5.027
11048,5.593
11049,6.022
11050,3.58
11051,5.757
11052,3.73
11053,5.899
11054,4.752
11055,5.106
11056,6.427
11057,5.743
11058,6.361
11059,6.078
11060,2.756
11061,5.66
11062,5.672
11063,5.986
11064,5.056
11065,6.45
11066,5.197
11067,3.205
11068,5.068
11069,5.779
11070,5.291
11071,5.884
11072,3.805
11073,5.348
11074,5.358
11075,2.735
11076,3.717
11077,4.066
11078,3.846
11079,5.975
11080,3.93
11081,5.554
11082,4.063
11083,5.505
11084,5.831
11085,5.902
11086,3.124
11087,6.155
11088,3.089
11089,5.46
11090,6.125
11091,3.25
11092,3.991
11093,6.225
11094,4.855
11095,4.054
11096,6.011
11097,3.881
11098,5.561
11099,6.178
11100,5.853
11101,5.664
11102,5.904
11103,3.298
11104,6.159
11105,5.495
11106,4.986
11107,4.881
11108,5.826
11109,5.857
11110,6.054
11111,3.634
11112,5.096
11113,5.295
11114,2.929
11115,5.43
11116,5.014
11117,5.979
11118,6.153
11119,6.043
11120,5.233
11121,6.209
11122,4.621
11123,4.436
11124,5.759
11125,5.662
11126,3.794
11127,5.416
11128,6.329
11129,5.832
11130,4.401
11131,3.601
11132,2.943
11133,4.068
11134,5.896
11135,5.929
11136,5.01
11137,5.578
11138,5.47
11139,5.969
11140,5.301
11141,5.546
11142,6.246
11143,5.226
11144,3.226
11145,5.06
11146,5.191
11147,6.011
11148,2.873
11149,4.527
11150,5.776
11151,5.331
11152,3.163
11153,5.556
11154,4.28
11155,5.842
11156,3.773
11157,3.295
11158,4.645
11159,5.327
11160,3.887
11161,5.798
11162,5.909
11163,5.884
11164,6.137
11165,3.921
11166,3.679
11167,5.122
11168,5.771
11169,5.819
11170,3.472
11171,5.343
11172,4.818
11173,4.848
11174,5.888
11175,5.123
11176,5.827
11177,6.077
11178,5.201
11179,3.96
11180,5.9
11181,6.043
11182,5.07
11183,5.426
11184,6.142
11185,6.13
11186,5.802
11187,4.072
11188,4.726
11189,3.989
11190,4.617
11191,5.186
11192,3.936
11193,6.167
11194,4.167
11195,3.984
11196,5.737
11197,5.897
11198,4.454
11199,4.212
11200,5.256
11201,1.969
11202,5.489
11203,3.422
11204,4.472
11205,6.14
11206,3.979
11207,5.238
11208,5.817
11209,5.799
11210,5.392
11211,5.785
11212,3.54
11213,3.438
11214,4.499
11215,6.054
11216,4.898
11217,5.871
11218,5.788
11219,2.335
11220,3.316
11221,4.219
11222,5.782
11223,3.488
11224,2.84
11225,6.076
11226,5.748
11227,5.015
11228,6.037
11229,4.154
11230,5.777
11231,5.682
11232,3.688
11233,4.322
11234,2.711
11235,3.494
11236,6.24
11237,5.298
11238,2.862
11239,5.209
11240,5.737
11241,5.347
11242,4.625
11243,5.546
11244,6.342
11245,4.173
11246,5.494
11247,3.1
11248,5.386
11249,2.735
11250,4.994
11251,5.407
11252,5.849
11253,6.37
11254,6.068
11255,5.904
11256,5.62
11257,6.345
11258,3.501
11259,5.789
11260,4.068
11261,5.818
11262,4.207
11263,4.814
11264,4.865
11265,5.737
11266,6.077
11267,3.914
11268,4.468
11269,5.744
11270,4.38
11271,5.374
11272,2.914
11273,3.878
11274,4.043
11275,5.864
11276,4.083
11277,3.147
11278,3.547
11279,5.782
11280,3.151
11281,6.124
11282,5.823
11283,4.116
11284,5.389
11285,6.124
11286,5.027
11287,5.639
11288,6.091
11289,2.72
11290,6.54
11291,4.417
11292,3.966
11293,5.535
11294,5.763
11295,6.014
11296,5.764
11297,4.893
11298,5.828
11299,4.045
11300,2.958
11301,3.975
11302,5.777
11303,5.343
11304,5.791
11305,5.087
11306,6.09
11307,6.263
11308,5.988
11309,3.417
11310,6.193
11311,4.913
11312,3.171
11313,5.646
11314,5.515
11315,6.117
11316,2.614
11317,6.154
11318,4.054
11319,3.831
11320,6.175
11321,6.385
11322,5.959
11323,3.849
11324,2.979
11325,4.355
11326,5.938
11327,4.288
11328,5.365
11329,2.994
11330,6.308
11331,6.255
11332,5.877
11333,5.277
11334,5.21
11335,4.607
11336,4.309
11337,4.209
11338,3.695
11339,5.475
11340,5.536
11341,6.161
11342,6.159
11343,4.344
11344,6.056
11345,6.062
11346,5.412
11347,5.867
11348,4.919
11349,4.676
11350,6.234
11351,4.428
11352,3.836
11353,3.105
11354,3.218
11355,2.451
11356,4.118
11357,4.17
11358,5.574
11359,6.096
11360,3.286
11361,5.985
11362,4.076
11363,5.767
11364,3.232
11365,3.614
11366,6.385
11367,4.183
11368,3.193
11369,5.8
11370,3.57
11371,3.363
11372,5.651
11373,3.817
11374,5.931
11375,4.378
11376,5.949
11377,6.3
11378,5.125
11379,4.607
11380,4.882
11381,3.791
11382,2.367
11383,2.153
11384,3.056
11385,4.839
11386,5.813
11387,5.094
11388,5.75
11389,5.779
11390,3.003
11391,5.302
11392,4.751
11393,5.591
11394,5.167
11395,5.008
11396,3.747
11397,5.908
11398,5.491
11399,5.977
11400,5.962
11401,3.879
11402,5.016
11403,5.745
11404,5.789
11405,3.473
11406,5.357
11407,5.408
11408,4.891
11409,3.401
11410,2.807
11411,2.621
11412,5.514
11413,4.465
11414,5.993
11415,6.235
11416,5.306
11417,6.104
11418,6.017
11419,3.762
11420,6.243
11421,5.958
11422,5.204
11423,5.876
11424,3.479
11425,4.032
11426,6.072
11427,5.04
11428,2.922
11429,5.237
11430,5.952
11431,3.601
11432,5.838
11433,4.631
11434,3.98
11435,4.431
11436,3.594
11437,6.067
11438,4.568
11439,5.648
11440,3.549
11441,3.527
11442,3.245
11443,3.015
11444,4.806
11445,4.8
11446,5.288
11447,5.041
11448,5.801
11449,5.234
11450,5.16
11451,4.072
11452,4.731
11453,4.505
11454,4.293
11455,6.31
11456,2.488
11457,5.257
11458,5.015
11459,3.358
11460,5.034
11461,3.239
11462,5.848
11463,4.649
11464,5.499
11465,5.914
11466,5.306
11467,5.204
11468,5.478
11469,6.09
11470,6.201
11471,4.081
11472,3.82
11473,5.348
11474,5.711
11475,5.809
11476,4.539
11477,4.126
11478,5.95
11479,5.268
11480,5.98
11481,5.455
11482,3.622
11483,4.697
11484,3.651
11485,2.916
11486,5.21
11487,5.653
11488,6.231
11489,4.457
11490,4.775
11491,5.635
11492,3.6
11493,4.457
11494,4.991
11495,6.079
11496,3.966
11497,6.072
11498,5.84
11499,3.179
11500,4.99
11501,5.987
11502,4.221
11503,5.295
11504,5.905
11505,3.989
11506,6.158
11507,5.898
11508,5.962
11509,5.425
11510,6.2
11511,6.015
11512,3.4
11513,3.222
11514,5.912
11515,5.93
11516,4.22
11517,3.194
11518,4.9
11519,6.119
11520,6.148
11521,3.096
11522,6.072
11523,5.554
11524,5.946
11525,5.813
11526,6.053
11527,6.114
11528,6.093
11529,6.381
11530,4.372
11531,4.987
11532,4.762
11533,4.496
11534,6.141
11535,3.989
11536,4.565
11537,5.005
11538,5.664
11539,5.602
11540,3.047
11541,4.182
11542,5.041
11543,6.068
11544,4.581
11545,5.801
11546,5.963
11547,5.657
11548,5.699
11549,5.543
11550,6.178
11551,2.707
11552,5.893
11553,5.921
11554,4.338
11555,4.302
11556,5.574
11557,5.241
11558,5.928
11559,6.029
11560,5.645
11561,6.077
11562,6.145
11563,6.297
11564,5.383
11565,5.652
11566,6.016
11567,4.729
11568,6.37
11569,6.082
11570,5.774
11571,5.263
11572,4.641
11573,5.802
11574,5.118
11575,4.639
11576,5.253
11577,5.41
11578,5.124
11579,4.708
11580,2.993
11581,3.678
11582,5.402
11583,4.663
11584,6.25
11585,2.286
11586,5.275
11587,4.356
11588,3.979
11589,5.716
11590,5.537
11591,5.662
11592,5.217
11593,4.487
11594,6.069
11595,5.582
11596,3.868
11597,5.456
11598,5.733
11599,3.326
11600,4.464
11601,3.802
11602,5.034
11603,4.211
11604,3.29
11605,4.617
11606,4.596
11607,6.07
11608,6.011
11609,3.748
11610,5.862
11611,5.34
11612,5.484
11613,5.65
11614,4.628
11615,5.661
11616,4.047
11617,5.885
11618,4.048
11619,6.125
11620,5.787
11621,5.544
11622,5.892
11623,5.764
11624,6.1
11625,3.754
11626,5.932
11627,4.008
11628,5.062
11629,6.143
11630,3.903
11631,4.126
11632,2.96
11633,5.94
11634,5.922
11635,5.585
11636,5.49
11637,6.173
11638,5.126
11639,3.905
11640,4.251
11641,5.929
11642,5.857
11643,2.764
11644,5.006
11645,4.115
11646,6.517
11647,5.086
11648,5.537
11649,4.733
11650,6.045
11651,3.886
11652,5.774
11653,5.997
11654,5.01
11655,3.104
11656,3.093
11657,6.032
11658,5.998
11659,5.285
11660,6.124
11661,5.635
11662,5.469
11663,6.031
11664,3.169
11665,3.416
11666,5.591
11667,4.727
11668,4.516
11669,5.186
11670,6.243
11671,5.89
11672,4.679
11673,5.781
11674,2.248
11675,5.799
11676,4.506
11677,5.595
11678,5.67
11679,4.384
11680,6.069
11681,5.536
11682,3.882
11683,5.571
11684,4.215
11685,3.647
11686,5.03
11687,6.047
11688,4.586
11689,3.123
11690,6.175
11691,2.942
11692,3.286
11693,2.957
11694,6.073
11695,5.362
11696,5.85
11697,4.092
11698,4.328
11699,3.118
11700,6.131
11701,5.269
11702,5.916
11703,4.958
11704,5.371
11705,3.812
11706,5.436
11707,5.636
11708,6.118
11709,4.054
11710,6.625
11711,4.98
11712,5.329
11713,3.138
11714,5.741
11715,5.751
11716,5.968
11717,5.94
11718,3.105
11719,5.41
11720,5.248
11721,5.772
11722,6.328
11723,5.618
11724,5.521
11725,6.07
11726,4.902
11727,5.802
11728,6.132
11729,6.077
11730,5.176
11731,5.623
11732,5.183
11733,5.791
11734,3.173
11735,5.902
11736,4.368
11737,5.412
11738,3.859
11739,4.152
11740,2.973
11741,6.302
11742,5.401
11743,6.241
11744,3.297
11745,2.797
11746,5.891
11747,5.186
11748,5.158
11749,4.787
11750,3.524
11751,5.593
11752,5.209
11753,4.845
11754,5.41
11755,4.196
11756,4.858
11757,5.755
11758,5.804
11759,5.327
11760,5.893
11761,5.694
11762,4.175
11763,6.153
11764,6.046
11765,6.174
11766,3.575
11767,5.298
11768,4.633
11769,3.906
11770,5.937
11771,6.055
11772,4.68
11773,5.335
11774,3.504
11775,6.349
11776,5.243
11777,3.597
11778,4.304
11779,5.936
11780,5.014
11781,2.963
11782,5.824
11783,5.925
11784,4.952
11785,5.898
11786,5.653
11787,5.099
11788,3.141
11789,5.113
11790,5.151
11791,5.595
11792,3.606
11793,3.697
11794,5.284
11795,4.998
11796,5.958
11797,5.124
11798,5.307
11799,6.269
11800,5.541
11801,6.188
11802,5.387
11803,4.367
11804,5.912
11805,5.875
11806,4.359
11807,4.099
11808,5.831
11809,6.049
11810,4.97
11811,3.042
11812,5.498
11813,5.215
11814,3.199
11815,4.885
11816,4.035
11817,5.909
11818,5.826
11819,5.576
11820,3.801
11821,5.748
11822,4.8
11823,4.578
11824,6.287
11825,4.565
11826,4.692
11827,2.821
11828,5.397
11829,4.904
11830,3.93
11831,5.119
11832,3.066
11833,4.403
11834,4.811
11835,3.156
11836,5.438
11837,6.021
11838,5.883
11839,2.998
11840,5.286
11841,3.67
11842,4.575
11843,3.64
11844,6.335
11845,4.074
11846,5.94
11847,2.559
11848,5.705
11849,5.649
11850,5.143
11851,6.153
11852,5.197
11853,4.63
11854,5.945
11855,6.365
11856,4.581
11857,3.633
11858,6.181
11859,3.594
11860,4.938
11861,5.998
11862,5.146
11863,2.813
11864,2.892
11865,5.9
11866,3.25
11867,5.266
11868,5.551
11869,4.478
11870,6.095
11871,5.01
11872,5.662
11873,5.962
11874,5.533
11875,5.476
11876,4.634
11877,5.317
11878,3.944
11879,5.806
11880,6.503
11881,5.919
11882,4.841
11883,5.934
11884,2.182
11885,4.063
11886,6.498
11887,4.625
11888,3.524
11889,6.27
11890,6.222
11891,6.411
11892,3.512
11893,5.795
11894,5.199
11895,5.622
11896,5.452
11897,6.094
11898,5.529
11899,2.982
11900,5.274
11901,4.981
11902,3.295
11903,5.381
11904,3.576
11905,6.092
11906,5.349
11907,6.151
11908,5.273
11909,6.053
11910,6.114
11911,2.215
11912,5.388
11913,3.628
11914,5.098
11915,4.822
11916,5.945
11917,4.887
11918,2.669
11919,4.462
11920,2.97
11921,5.524
11922,4.189
11923,3.146
11924,5.033
11925,5.267
11926,6.062
11927,2.786
11928,5.133
11929,2.96
11930,5.68
11931,3.752
11932,3.457
11933,5.767
11934,5.762
11935,3.681
11936,5.682
11937,3.941
11938,6.131
11939,6.103
11940,6.135
11941,6.052
11942,4.423
11943,3.466
11944,4.586
11945,4.96
11946,5.928
11947,5.582
11948,5.37
11949,4.373
11950,5.23
11951,4.197
11952,6.137
11953,6.109
11954,5.639
11955,5.213
11956,5.935
11957,5.909
11958,4.35
11959,3.282
11960,5.824
11961,4.356
11962,5.193
11963,3.721
11964,3.17
11965,3.606
11966,4.559
11967,5.983
11968,4.64
11969,4.741
11970,4.825
11971,5.829
11972,5.272
11973,5.769
11974,5.072
11975,5.353
11976,4.869
11977,5.099
11978,3.569
11979,2.387
11980,5.446
11981,5.946
11982,5.13
11983,4.141
11984,5.875
11985,6.026
11986,3.483
11987,5.761
11988,5.685
11989,4.607
11990,3.227
11991,3.175
11992,5.792
11993,6.253
11994,4.187
11995,3.995
11996,5.619
11997,4.005
11998,5.847
11999,4.472
12000,4.329
12001,4.219
12002,3.314
12003,5.929
12004,4.655
12005,4.508
12006,5.361
12007,6.189
12008,5.001
12009,2.934
12010,4.66
12011,5.75
12012,3.326
12013,3.621
12014,4.698
12015,5.936
12016,5.485
12017,2.527
12018,6.11
12019,5.799
12020,5.584
12021,5.916
12022,3.476
12023,5.256
12024,3.666
12025,5.267
12026,5.172
12027,5.452
12028,5.726
12029,4.336
12030,4.639
12031,5.305
12032,2.826
12033,4.643
12034,5.598
12035,6.486
12036,4.919
12037,4.439
12038,3.29
12039,5.733
12040,5.937
12041,5.854
12042,6.51
12043,6.108
12044,5.703
12045,4.17
12046,6.473
12047,3.354
12048,5.65
12049,4.362
12050,4.828
12051,6.325
12052,3.325
12053,5.124
12054,5.114
12055,5.367
12056,6.228
12057,4.945
12058,6.02
12059,6.064
12060,4.264
12061,4.494
12062,5.847
12063,6.159
12064,4.039
12065,4.685
12066,3.684
12067,4.869
12068,6.43
12069,3.91
12070,4.018
12071,3.741
12072,3.743
12073,6.388
12074,5.856
12075,6.012
12076,5.404
12077,5.728
12078,6.038
12079,5.616
12080,4.017
12081,5.593
12082,5.748
12083,5.579
12084,5.591
12085,4.914
12086,5.07
12087,3.937
12088,3.086
12089,3.394
12090,5.996
12091,4.308
12092,5.967
12093,4.182
12094,3.177
12095,4.012
12096,3.71
12097,3.318
12098,3.688
12099,3.387
12100,5.903
12101,4.251
12102,5.872
12103,2.952
12104,4.309
12105,4.961
12106,3.574
12107,6.02
12108,4.443
12109,4.628
12110,3.807
12111,4.493
12112,3.008
12113,5.378
12114,3.761
12115,4.442
12116,5.628
12117,3.535
12118,5.841
12119,5.806
12120,4.482
12121,6.054
12122,6.106
12123,2.899
12124,3.925
12125,5.882
12126,6.118
12127,5.452
12128,4.533
12129,6.246
12130,2.385
12131,4.141
12132,5.761
12133,5.974
12134,5.476
12135,2.264
12136,5.754
12137,6.151
12138,4.849
12139,4.059
12140,5.94
12141,5.168
12142,4.919
12143,5.081
12144,5.456
12145,4.272
12146,2.774
12147,5.438
12148,3.086
12149,5.855
12150,4.175
12151,3.943
12152,6.048
12153,5.759
12154,4.335
12155,3.259
12156,5.878
12157,5.991
12158,3.668
12159,5.131
12160,5.004
12161,2.949
12162,5.515
12163,3.447
12164,6.15
12165,4.852
12166,5.97
12167,5.064
12168,5.643
12169,4.361
12170,3.865
12171,5.465
12172,4.336
12173,6.052
12174,5.855
12175,5.86
12176,4.093
12177,5.45
12178,6.151
12179,4.145
12180,5.584
12181,4.949
12182,6.251
12183,5.513
12184,3.036
12185,5.842
12186,4.035
12187,3.854
12188,5.912
12189,5.35
12190,3.746
12191,5.714
12192,3.212
12193,6.106
12194,5.785
12195,5.316
12196,6.041
12197,3.129
12198,6.667
12199,5.311
12200,4.763
12201,5.769
12202,5.885
12203,4.55
12204,3.16
12205,5.747
12206,6.073
12207,2.722
12208,5.953
12209,3.935
12210,3.986
12211,5.941
12212,5.824
12213,3.858
12214,4.412
12215,3.404
12216,5.045
12217,5.093
12218,6.244
12219,5.586
12220,4.1
12221,5.788
12222,3.001
12223,3.294
12224,5.88
12225,5.472
12226,5.769
12227,5.491
12228,5.685
12229,5.831
12230,5.872
12231,4.4
12232,4.305
12233,4.328
12234,5.595
12235,4.281
12236,5.824
12237,3.353
12238,5.441
12239,4.531
12240,3.492
12241,6.375
12242,5.2
12243,5.9
12244,4.735
12245,4.802
12246,4.127
12247,5.961
12248,5.389
12249,5.96
12250,3.139
12251,5.242
12252,3.6
12253,3.156
12254,3.148
12255,6.371
12256,4.798
12257,4.612
12258,2.857
12259,3.188
12260,4.471
12261,5.201
12262,3.335
12263,6.094
12264,2.977
12265,5.934
12266,4.223
12267,2.714
12268,3.913
12269,3.254
12270,5.622
12271,6.001
12272,5.839
12273,5.559
12274,4.332
12275,3.832
12276,3.479
12277,5.274
12278,4.421
12279,6.009
12280,5.606
12281,3.966
12282,3.959
12283,4.975
12284,4.652
12285,5.323
12286,6.05
12287,4.527
12288,5.909
12289,3.036
12290,6.126
12291,3.66
12292,3.428
12293,4.163
12294,3.21
12295,6.106
12296,5.351
12297,4.46
12298,4.018
12299,3.139
12300,2.987
12301,3.686
12302,5.861
12303,3.765
12304,3.335
12305,3.105
12306,2.765
12307,4.749
12308,5.734
12309,5.285
12310,6.146
12311,3.233
12312,6.13
12313,5.42
12314,5.222
12315,5.736
12316,3.78
12317,3.524
12318,4.216
12319,5.844
12320,3.133
12321,6.417
12322,4.825
12323,2.973
12324,3.265
12325,3.741
12326,6.303
12327,4.878
12328,3.115
12329,6.344
12330,6.236
12331,5.044
12332,5.736
12333,3.409
12334,5.192
12335,5.159
12336,5.825
12337,3.858
12338,4.007
12339,6.099
12340,3.365
12341,5.793
12342,5.835
12343,5.814
12344,5.955
12345,5.805
12346,3.501
12347,4.61
12348,6.348
12349,5.715
12350,5.46
12351,5.517
12352,5.702
12353,5.668
12354,5.478
12355,5.528
12356,4.958
12357,4.982
12358,5.333
12359,5.116
12360,4.157
12361,5.311
12362,6.076
12363,5.452
12364,2.936
12365,5.725
12366,5.349
12367,6.106
12368,5.714
12369,3.404
12370,6.081
12371,5.0
12372,5.13
12373,5.642
12374,4.344
12375,5.055
12376,5.045
12377,3.653
12378,4.86
12379,5.047
12380,6.046
12381,6.179
12382,5.742
12383,3.593
12384,6.594
12385,6.376
12386,5.735
12387,6.029
12388,3.984
12389,3.874
12390,5.213
12391,5.975
12392,5.861
12393,4.739
12394,4.387
12395,5.132
12396,5.608
12397,5.802
12398,5.342
12399,6.468
12400,3.374
12401,4.308
12402,4.733
12403,4.9
12404,3.583
12405,4.813
12406,4.039
12407,4.602
12408,4.446
12409,5.985
12410,4.142
12411,5.787
12412,4.037
12413,2.269
12414,5.826
12415,5.06
12416,3.319
12417,6.067
12418,5.817
12419,5.976
12420,6.254
12421,4.778
12422,5.053
12423,4.374
12424,6.079
12425,5.146
12426,5.561
12427,5.754
12428,4.932
12429,5.751
12430,3.419
12431,5.039
12432,6.152
12433,4.105
12434,5.993
12435,4.589
12436,4.228
12437,6.31
12438,4.753
12439,5.12
12440,4.857
12441,4.2
12442,6.337
12443,6.102
12444,5.491
12445,4.283
12446,4.01
12447,3.565
12448,3.947
12449,5.993
12450,5.667
12451,3.946
12452,5.973
12453,5.597
12454,3.009
12455,5.922
12456,4.587
12457,3.435
12458,4.887
12459,4.001
12460,3.027
12461,4.11
12462,5.828
12463,3.969
12464,5.544
12465,3.145
12466,4.043
12467,5.453
12468,5.607
12469,3.8
12470,5.402
12471,2.172
12472,3.722
12473,3.23
12474,3.235
12475,3.931
12476,3.624
12477,4.312
12478,3.121
12479,6.085
12480,4.335
12481,6.27
12482,5.708
12483,4.176
12484,3.583
12485,6.07
12486,4.077
12487,5.749
12488,2.902
12489,5.954
12490,5.832
12491,4.613
12492,5.56
12493,4.839
12494,5.291
12495,2.275
12496,5.121
12497,4.317
12498,4.62
12499,3.162
12500,4.674
12501,3.284
12502,2.465
12503,4.26
12504,5.78
12505,5.315
12506,5.69
12507,3.654
12508,5.412
12509,3.578
12510,5.59
12511,5.749
12512,4.002
12513,5.816
12514,5.662
12515,4.573
12516,5.729
12517,5.944
12518,4.3
12519,3.233
12520,6.075
12521,5.884
12522,5.442
12523,5.261
12524,5.731
12525,3.579
12526,5.913
12527,4.007
12528,5.471
12529,3.795
12530,4.104
12531,5.343
12532,6.16
12533,5.035
12534,6.313
12535,3.508
12536,4.877
12537,5.054
12538,4.645
12539,3.242
12540,3.011
12541,5.115
12542,6.139
12543,5.326
12544,6.132
12545,4.99
12546,5.782
12547,3.354
12548,5.718
12549,4.56
12550,3.292
12551,6.324
12552,6.017
12553,6.236
12554,5.832
12555,4.784
12556,4.566
12557,3.257
12558,6.101
12559,6.063
12560,5.221
12561,6.285
12562,2.7
12563,6.25
12564,3.68
12565,2.604
12566,4.122
12567,4.693
12568,2.921
12569,3.364
12570,4.229
12571,5.089
12572,5.883
12573,4.351
12574,6.136
12575,4.174
12576,3.706
12577,5.829
12578,5.721
12579,5.499
12580,5.28
12581,6.284
12582,3.224
12583,5.281
12584,3.736
12585,6.131
12586,4.881
12587,4.417
12588,4.207
12589,5.663
12590,6.19
12591,5.108
12592,6.122
12593,6.2
12594,4.283
12595,5.928
12596,6.444
12597,4.289
12598,5.555
12599,4.885
12600,6.072
12601,5.796
12602,5.403
12603,3.947
12604,5.62
12605,6.228
12606,5.765
12607,3.496
12608,3.35
12609,4.046
12610,5.75
12611,2.791
12612,4.406
12613,6.074
12614,2.989
12615,5.817
12616,3.541
12617,3.443
12618,5.757
12619,5.434
12620,3.575
12621,3.856
12622,5.175
12623,5.806
12624,6.221
12625,5.235
12626,3.288
12627,4.127
12628,3.598
12629,2.917
12630,2.52
12631,5.395
12632,5.644
12633,4.073
12634,4.391
12635,6.294
12636,4.006
12637,5.678
12638,3.072
12639,5.871
12640,5.138
12641,5.986
12642,6.121
12643,5.571
12644,5.909
12645,5.181
12646,3.023
12647,5.529
12648,6.315
12649,6.072
12650,4.063
12651,5.995
12652,4.558
12653,5.93
12654,5.905
12655,5.573
12656,5.424
12657,5.676
12658,3.893
12659,4.883
12660,5.704
12661,4.343
12662,3.634
12663,5.228
12664,5.038
12665,5.924
12666,6.065
12667,3.122
12668,5.88
12669,4.838
12670,3.687
12671,3.847
12672,6.211
12673,5.91
12674,5.707
12675,5.087
12676,3.38
12677,5.632
12678,3.879
12679,3.771
12680,4.065
12681,2.99
12682,3.477
12683,4.914
12684,5.104
12685,5.524
12686,4.678
12687,4.843
12688,3.756
12689,2.615
12690,4.192
12691,4.703
12692,5.853
12693,5.267
12694,3.644
12695,3.945
12696,4.761
12697,4.096
12698,4.152
12699,5.009
12700,6.257
12701,6.367
12702,3.517
12703,6.349
12704,5.444
12705,3.022
12706,5.201
12707,5.999
12708,5.869
12709,4.022
12710,5.075
12711,4.778
12712,5.176
12713,5.842
12714,5.784
12715,4.849
12716,4.891
12717,3.712
12718,3.144
12719,2.949
12720,6.259
12721,4.563
12722,5.606
12723,3.052
12724,3.964
12725,4.005
12726,5.691
12727,2.792
12728,6.076
12729,3.042
12730,5.635
12731,5.176
12732,4.569
12733,5.69
12734,3.656
12735,5.833
12736,3.766
12737,5.9
12738,3.428
12739,6.175
12740,6.006
12741,5.565
12742,3.2
12743,4.336
12744,4.848
12745,5.705
12746,3.315
12747,5.81
12748,5.755
12749,3.966
12750,4.052
12751,5.237
12752,5.969
12753,5.83
12754,3.648
12755,5.966
12756,5.945
12757,4.443
12758,5.061
12759,5.654
12760,5.266
12761,6.3
12762,4.014
12763,3.393
12764,5.227
12765,3.461
12766,3.662
12767,4.382
12768,5.956
12769,5.542
12770,3.655
12771,5.742
12772,6.248
12773,4.659
12774,6.084
12775,6.387
12776,5.188
12777,6.073
12778,3.167
12779,4.289
12780,4.811
12781,3.129
12782,4.176
12783,2.488
12784,4.521
12785,6.24
12786,3.562
12787,5.423
12788,6.664
12789,3.671
12790,5.394
12791,4.343
12792,2.823
12793,3.508
12794,4.42
12795,5.936
12796,2.64
12797,5.834
12798,3.826
12799,6.004
12800,4.646
12801,5.639
12802,2.69
12803,3.142
12804,5.936
12805,5.446
12806,3.78
12807,4.071
12808,3.917
12809,4.471
12810,3.964
12811,6.266
12812,2.199
12813,5.838
12814,3.975
12815,3.169
12816,6.101
12817,6.115
12818,5.12
12819,6.019
12820,5.204
12821,6.288
12822,4.381
12823,6.03
12824,5.321
12825,6.114
12826,6.627
12827,5.758
12828,5.837
12829,5.94
12830,3.044
12831,5.94
12832,5.921
12833,5.033
12834,4.856
12835,3.8
12836,3.134
12837,4.291
12838,5.998
12839,5.102
12840,6.035
12841,6.308
12842,5.67
12843,4.377
12844,5.664
12845,3.674
12846,3.843
12847,5.479
12848,5.081
12849,5.94
12850,4.845
12851,5.182
12852,4.508
12853,4.138
12854,4.313
12855,5.052
12856,5.282
12857,5.207
12858,5.705
12859,3.546
12860,5.361
12861,4.382
12862,3.465
12863,3.355
12864,3.969
12865,3.249
12866,3.01
12867,4.796
12868,2.89
12869,5.65
12870,3.743
12871,6.09
12872,3.03
12873,3.107
12874,4.145
12875,4.54
12876,4.115
12877,4.328
12878,5.589
12879,5.207
12880,3.765
12881,5.39
12882,4.429
12883,4.511
12884,5.208
12885,5.318
12886,6.171
12887,5.636
12888,4.477
12889,4.476
12890,6.335
12891,5.431
12892,5.757
12893,5.781
12894,5.888
12895,4.486
12896,5.412
12897,4.359
12898,4.143
12899,5.062
12900,5.984
12901,5.658
12902,4.705
12903,4.543
12904,6.199
12905,4.581
12906,3.129
12907,6.348
12908,3.479
12909,6.028
12910,6.402
12911,5.971
12912,3.155
12913,4.724
12914,5.761
12915,5.163
12916,5.751
12917,4.004
12918,4.188
12919,4.764
12920,5.039
12921,4.134
12922,5.077
12923,5.886
12924,5.733
12925,3.129
12926,4.102
12927,3.612
12928,6.209
12929,3.63
12930,5.61
12931,4.353
12932,5.779
12933,3.136
12934,5.363
12935,4.225
12936,6.054
12937,2.927
12938,5.869
12939,6.186
12940,6.148
12941,3.129
12942,3.456
12943,4.108
12944,6.262
12945,2.786
12946,5.955
12947,2.984
12948,4.299
12949,4.403
12950,6.214
12951,6.222
12952,5.286
12953,4.372
12954,6.19
12955,5.799
12956,3.59
12957,5.089
12958,4.238
12959,2.921
12960,3.782
12961,3.261
12962,5.926
12963,3.984
12964,3.115
12965,5.366
12966,5.479
12967,5.963
12968,6.243
12969,4.186
12970,5.324
12971,3.058
12972,4.304
12973,5.33
12974,3.682
12975,6.282
12976,6.021
12977,5.434
12978,3.267
12979,4.241
12980,4.772
12981,5.732
12982,5.645
12983,4.89
12984,4.18
12985,5.71
12986,5.957
12987,4.645
12988,5.723
12989,5.907
12990,3.838
12991,4.902
12992,3.905
12993,3.392
12994,3.8
12995,5.972
12996,4.396
12997,4.507
12998,6.112
12999,5.275
13000,3.992
13001,3.262
13002,3.127
13003,5.248
13004,5.964
13005,4.699
13006,5.428
13007,6.13
13008,4.63
13009,4.428
13010,6.111
13011,4.696
13012,4.347
13013,5.231
13014,3.648
13015,5.158
13016,6.169
13017,2.443
13018,5.976
13019,6.107
13020,4.589
13021,5.901
13022,6.009
13023,5.518
13024,6.008
13025,5.005
13026,2.73
13027,3.965
13028,6.052
13029,6.522
13030,5.651
13031,3.127
13032,5.277
13033,6.39
13034,2.943
13035,4.249
13036,5.609
13037,4.126
13038,6.178
13039,4.879
13040,4.863
13041,5.703
13042,5.408
13043,5.7
13044,6.301
13045,5.923
13046,6.032
13047,2.337
13048,4.461
13049,4.481
13050,5.884
13051,6.246
13052,5.907
13053,5.207
13054,5.196
13055,3.108
13056,4.753
13057,4.048
13058,4.076
13059,3.176
13060,5.964
13061,5.947
13062,5.915
13063,3.173
13064,6.139
13065,5.502
13066,3.362
13067,6.049
13068,6.256
13069,3.307
13070,5.626
13071,4.677
13072,3.73
13073,5.017
13074,6.164
13075,5.258
13076,4.917
13077,4.483
13078,5.886
13079,5.817
13080,4.185
13081,6.117
13082,5.207
13083,5.481
13084,5.019
13085,5.938
13086,5.217
13087,4.629
13088,5.94
13089,5.709
13090,5.485
13091,5.158
13092,4.993
13093,6.265
13094,5.321
13095,6.062
13096,5.736
13097,6.14
13098,4.598
13099,5.765
13100,5.46
13101,6.113
13102,5.893
13103,2.459
13104,5.889
13105,5.776
13106,6.373
13107,3.146
13108,4.258
13109,4.08
13110,6.124
13111,5.832
13112,5.95
13113,5.855
13114,5.833
13115,5.386
13116,5.811
13117,5.332
13118,4.217
13119,5.818
13120,2.356
13121,3.803
13122,5.012
13123,5.543
13124,4.274
13125,3.401
13126,3.224
13127,6.238
13128,5.014
13129,5.358
13130,5.806
13131,5.9
13132,5.869
13133,4.711
13134,4.202
13135,3.84
13136,5.432
13137,4.799
13138,5.665
13139,6.179
13140,5.239
13141,5.617
13142,5.124
13143,5.532
13144,6.122
13145,5.838
13146,5.853
13147,3.23
13148,5.647
13149,5.652
13150,2.614
13151,5.238
13152,4.033
13153,4.137
13154,3.148
13155,3.888
13156,2.962
13157,5.457
13158,3.846
13159,6.187
13160,3.77
13161,5.693
13162,4.239
13163,4.603
13164,3.301
13165,3.417
13166,5.85
13167,3.35
13168,5.855
13169,5.932
13170,6.169
13171,6.001
13172,4.151
13173,2.362
13174,5.9
13175,5.906
13176,4.676
13177,5.219
13178,4.627
13179,5.335
13180,6.119
13181,5.534
13182,3.987
13183,5.926
13184,4.799
13185,5.868
13186,5.685
13187,5.791
13188,5.54
13189,3.815
13190,3.937
13191,5.044
13192,5.451
13193,5.864
13194,4.105
13195,3.115
13196,5.067
13197,6.373
13198,5.65
13199,6.096
13200,3.483
13201,6.188
13202,5.417
13203,4.228
13204,3.608
13205,2.659
13206,3.898
13207,3.589
13208,4.636
13209,6.052
13210,5.388
13211,6.055
13212,4.468
13213,5.43
13214,3.597
13215,6.33
13216,5.595
13217,3.505
13218,3.442
13219,6.107
13220,3.887
13221,5.247
13222,4.241
13223,3.256
13224,6.167
13225,6.099
13226,5.758
13227,5.605
13228,6.197
13229,6.4
13230,5.556
13231,6.309
13232,4.126
13233,4.461
13234,6.09
13235,5.942
13236,4.816
13237,6.058
13238,4.613
13239,4.793
13240,5.913
13241,3.637
13242,5.446
13243,5.348
13244,5.033
13245,5.726
13246,3.498
13247,3.225
13248,3.603
13249,3.334
13250,6.147
13251,5.464
13252,5.209
13253,3.404
13254,3.13
13255,5.422
13256,3.145
13257,3.955
13258,5.694
13259,4.357
13260,5.402
13261,5.857
13262,5.664
13263,3.784
13264,5.095
13265,6.163
13266,6.073
13267,6.201
13268,6.23
13269,4.232
13270,4.795
13271,5.341
13272,3.737
13273,4.856
13274,3.837
13275,4.701
13276,6.049
13277,6.242
13278,5.497
13279,4.747
13280,4.216
13281,6.245
13282,5.455
13283,3.213
13284,4.585
13285,4.709
13286,3.649
13287,5.316
13288,3.915
13289,4.923
13290,6.069
13291,2.78
13292,5.011
13293,4.912
13294,3.784
13295,3.558
13296,5.493
13297,3.221
13298,6.037
13299,3.598
13300,3.218
13301,5.554
13302,6.119
13303,6.118
13304,4.438
13305,5.65
13306,3.213
13307,4.224
13308,4.835
13309,5.235
13310,5.764
13311,4.469
13312,5.472
13313,4.221
13314,6.001
13315,3.372
13316,6.039
13317,6.362
13318,5.975
13319,3.876
13320,4.385
13321,2.298
13322,3.179
13323,3.432
13324,4.732
13325,3.762
13326,4.54
13327,5.948
13328,3.869
13329,5.522
13330,3.502
13331,5.459
13332,4.737
13333,3.906
13334,5.993
13335,5.466
13336,5.069
13337,3.291
13338,4.294
13339,3.721
13340,5.701
13341,4.382
13342,5.942
13343,3.135
13344,4.639
13345,3.439
13346,5.643
13347,4.926
13348,6.167
13349,5.305
13350,3.759
13351,5.994
13352,6.04
13353,4.937
13354,5.582
13355,6.196
13356,3.489
13357,4.151
13358,5.51
13359,5.189
13360,6.259
13361,3.592
13362,3.304
13363,5.03
13364,6.379
13365,5.413
13366,4.602
13367,5.057
13368,5.111
13369,4.702
13370,5.246
13371,5.944
13372,4.996
13373,6.005
13374,5.909
13375,5.336
13376,3.733
13377,4.582
13378,6.163
13379,5.117
13380,6.088
13381,4.691
13382,5.005
13383,5.594
13384,4.928
13385,3.764
13386,3.77
13387,5.628
13388,6.041
13389,4.81
13390,5.195
13391,5.847
13392,4.242
13393,4.882
13394,5.215
13395,5.33
13396,5.749
13397,3.246
13398,2.967
13399,4.533
13400,3.773
13401,5.555
13402,4.972
13403,5.258
13404,5.69
13405,2.654
13406,5.374
13407,4.253
13408,4.3
13409,6.108
13410,5.91
13411,2.931
13412,4.506
13413,4.993
13414,3.816
13415,5.978
13416,4.762
13417,5.718
13418,2.46
13419,5.775
13420,6.029
13421,4.63
13422,6.005
13423,5.946
13424,4.252
13425,3.133
13426,4.355
13427,6.099
13428,5.954
13429,4.413
13430,4.891
13431,3.963
13432,5.59
13433,4.386
13434,5.539
13435,5.312
13436,4.242
13437,3.389
13438,4.914
13439,3.055
13440,3.953
13441,6.068
13442,3.859
13443,6.102
13444,5.429
13445,3.869
13446,3.582
13447,5.462
13448,6.069
13449,6.165
13450,2.905
13451,4.032
13452,5.35
13453,5.965
13454,4.577
13455,5.916
13456,6.071
13457,3.87
13458,5.761
13459,6.18
13460,3.979
13461,5.917
13462,6.049
13463,4.999
13464,5.482
13465,3.533
13466,4.692
13467,5.757
13468,4.824
13469,3.955
13470,3.835
13471,3.596
13472,3.508
13473,4.526
13474,6.015
13475,4.053
13476,3.547
13477,3.447
13478,4.479
13479,4.852
13480,3.322
13481,6.107
13482,4.289
13483,3.943
13484,5.898
13485,5.282
13486,6.192
13487,4.477
13488,5.281
13489,3.711
13490,3.357
13491,5.067
13492,4.139
13493,3.322
13494,4.916
13495,3.993
13496,3.402
13497,4.909
13498,5.934
13499,5.023
13500,4.764
13501,4.743
13502,5.866
13503,5.646
13504,5.794
13505,4.869
13506,6.203
13507,5.887
13508,5.425
13509,6.193
13510,5.745
13511,5.64
13512,5.764
13513,3.526
13514,5.66
13515,3.582
13516,5.659
13517,3.65
13518,5.542
13519,5.329
13520,4.902
13521,5.8
13522,3.62
13523,4.236
13524,5.839
13525,5.876
13526,4.847
13527,5.368
13528,6.125
13529,6.039
13530,5.106
13531,5.857
13532,3.03
13533,4.129
13534,4.632
13535,5.134
13536,4.617
13537,5.732
13538,3.972
13539,5.099
13540,5.521
13541,5.618
13542,6.027
13543,6.235
13544,4.967
13545,5.725
13546,4.19
13547,4.373
13548,4.13
13549,3.709
13550,1.715
13551,5.956
13552,5.665
13553,4.548
13554,6.284
13555,2.773
13556,6.297
13557,6.252
13558,4.97
13559,6.385
13560,4.718
13561,6.108
13562,5.758
13563,5.954
13564,4.901
13565,4.622
13566,4.666
13567,5.541
13568,4.387
13569,5.411
13570,5.773
13571,3.962
13572,5.336
13573,4.624
13574,5.297
13575,5.257
13576,2.918
13577,6.341
13578,1.924
13579,6.42
13580,5.974
13581,2.913
13582,3.757
13583,5.462
13584,3.311
13585,6.081
13586,6.106
13587,3.536
13588,4.462
13589,5.414
13590,5.921
13591,4.955
13592,4.798
13593,3.842
13594,5.422
13595,5.56
13596,5.904
13597,5.294
13598,5.653
13599,6.092
13600,5.229
13601,5.304
13602,6.129
13603,3.364
13604,5.704
13605,5.894
13606,3.029
13607,5.978
13608,4.742
13609,6.039
13610,6.024
13611,3.781
13612,5.807
13613,6.341
13614,5.534
13615,5.45
13616,5.327
13617,5.29
13618,5.116
13619,6.487
13620,5.547
13621,4.139
13622,4.47
13623,3.795
13624,5.554
13625,3.417
13626,5.042
13627,6.09
13628,3.919
13629,4.519
13630,2.899
13631,4.432
13632,3.188
13633,6.21
13634,2.895
13635,3.812
13636,3.522
13637,6.114
13638,5.833
13639,5.532
13640,4.351
13641,4.604
13642,5.89
13643,4.775
13644,3.908
13645,5.651
13646,6.194
13647,5.59
13648,4.997
13649,3.678
13650,3.932
13651,5.374
13652,5.812
13653,5.837
13654,5.262
13655,4.645
13656,5.685
13657,5.78
13658,5.931
13659,5.153
13660,5.655
13661,5.843
13662,4.6
13663,6.233
13664,5.442
13665,3.935
13666,4.5
13667,4.236
13668,5.322
13669,5.961
13670,3.723
13671,3.816
13672,5.499
13673,5.215
13674,4.687
13675,5.757
13676,5.313
13677,5.955
13678,2.718
13679,5.92
13680,6.21
13681,5.444
13682,2.968
13683,4.051
13684,4.93
13685,3.87
13686,6.227
13687,5.928
13688,4.881
13689,4.143
13690,3.281
13691,5.379
13692,5.858
13693,5.954
13694,5.156
13695,3.988
13696,5.886
13697,4.583
13698,6.205
13699,2.257
13700,3.016
13701,5.099
13702,3.452
13703,5.104
13704,6.148
13705,4.336
13706,3.724
13707,4.625
13708,3.171
13709,3.024
13710,4.244
13711,5.854
13712,4.036
13713,6.537
13714,4.788
13715,4.2
13716,6.483
13717,6.098
13718,5.403
13719,4.947
13720,6.23
13721,6.063
13722,5.606
13723,5.444
13724,6.211
13725,3.577
13726,6.156
13727,4.98
13728,4.555
13729,5.226
13730,5.253
13731,4.633
13732,2.95
13733,3.851
13734,4.53
13735,5.974
13736,5.82
13737,5.244
13738,2.994
13739,5.8
13740,6.141
13741,5.207
13742,4.789
13743,5.591
13744,6.042
13745,5.66
13746,5.3
13747,3.694
13748,6.207
13749,5.919
13750,5.964
13751,6.201
13752,5.577
13753,6.361
13754,6.231
13755,5.714
13756,5.97
13757,3.454
13758,3.819
13759,3.174
13760,3.253
13761,6.058
13762,5.868
13763,5.033
13764,6.581
13765,5.203
13766,4.079
13767,3.347
13768,6.114
13769,5.176
13770,4.278
13771,4.977
13772,3.047
13773,3.732
13774,6.116
13775,3.94
13776,5.026
13777,4.887
13778,3.276
13779,4.01
13780,5.426
13781,4.221
13782,2.864
13783,4.758
13784,5.894
13785,5.757
13786,6.19
13787,5.247
13788,5.719
13789,5.346
13790,3.65
13791,5.279
13792,4.333
13793,3.483
13794,4.314
13795,4.821
13796,4.171
13797,6.111
13798,3.378
13799,2.986
13800,2.956
13801,5.638
13802,5.997
13803,3.934
13804,4.355
13805,5.33
13806,4.475
13807,5.582
13808,4.464
13809,5.419
13810,5.807
13811,5.868
13812,6.081
13813,3.688
13814,5.137
13815,3.204
13816,4.487
13817,5.42
13818,5.477
13819,4.507
13820,6.158
13821,3.393
13822,6.316
13823,5.207
13824,6.087
13825,5.914
13826,5.609
13827,5.601
13828,5.952
13829,4.783
13830,5.891
13831,5.529
13832,4.729
13833,6.219
13834,4.037
13835,6.025
13836,5.642
13837,5.582
13838,4.926
13839,3.427
13840,5.543
13841,4.189
13842,5.4
13843,4.887
13844,6.049
13845,3.668
13846,6.197
13847,4.953
13848,5.464
13849,3.671
13850,5.207
13851,3.596
13852,6.145
13853,4.54
13854,5.368
13855,3.892
13856,4.63
13857,5.657
13858,3.392
13859,3.443
13860,4.5
13861,2.813
13862,3.618
13863,3.17
13864,5.618
13865,5.951
13866,6.245
13867,5.091
13868,2.749
13869,5.936
13870,4.653
13871,5.444
13872,5.931
13873,6.411
13874,5.755
13875,5.006
13876,5.989
13877,5.26
13878,4.422
13879,4.496
13880,6.353
13881,4.099
13882,5.125
13883,3.975
13884,4.801
13885,4.68
13886,3.948
13887,5.184
13888,3.814
13889,5.725
13890,6.08
13891,5.167
13892,6.054
13893,5.976
13894,4.84
13895,5.197
13896,5.923
13897,4.823
13898,3.556
13899,3.621
13900,3.216
13901,5.748
13902,5.646
13903,4.355
13904,4.662
13905,4.212
13906,5.68
13907,5.922
13908,2.944
13909,3.63
13910,4.157
13911,6.02
13912,4.144
13913,5.06
13914,6.563
13915,4.625
13916,5.671
13917,3.439
13918,3.792
13919,4.415
13920,5.001
13921,5.479
13922,5.459
13923,3.513
13924,6.197
13925,5.372
13926,6.027
13927,6.179
13928,6.164
13929,4.741
13930,3.213
13931,4.632
13932,5.843
13933,6.024
13934,6.17
13935,3.954
13936,4.816
13937,4.61
13938,2.914
13939,5.453
13940,6.168
13941,4.251
13942,5.215
13943,4.261
13944,4.563
13945,2.506
13946,3.722
13947,5.78
13948,4.236
13949,3.749
13950,2.254
13951,6.331
13952,5.12
13953,3.744
13954,5.21
13955,3.556
13956,4.036
13957,3.707
13958,5.837
13959,5.003
13960,6.053
13961,5.907
13962,5.214
13963,4.39
13964,6.28
13965,6.067
13966,5.811
13967,6.107
13968,2.911
13969,5.997
13970,6.25
13971,5.555
13972,3.367
13973,5.276
13974,5.499
13975,5.587
13976,3.125
13977,6.089
13978,4.585
13979,5.043
13980,4.366
13981,5.9
13982,6.021
13983,3.99
13984,3.54
13985,5.356
13986,3.057
13987,4.373
13988,2.44
13989,5.604
13990,6.03
13991,5.589
13992,5.495
13993,5.739
13994,4.75
13995,6.074
13996,5.872
13997,3.287
13998,5.84
13999,3.775
14000,4.504
14001,4.688
14002,4.188
14003,5.358
14004,5.302
14005,4.564
14006,5.903
14007,4.628
14008,6.068
14009,6.095
14010,6.357
14011,4.926
14012,6.094
14013,5.999
14014,5.276
14015,2.933
14016,2.383
14017,4.696
14018,5.97
14019,3.688
14020,3.299
14021,4.492
14022,2.845
14023,5.257
14024,6.113
14025,5.781
14026,6.216
14027,3.237
14028,5.94
14029,5.578
14030,5.937
14031,5.516
14032,4.618
14033,6.055
14034,5.565
14035,3.866
14036,5.182
14037,3.668
14038,6.037
14039,4.549
14040,5.124
14041,6.188
14042,4.878
14043,3.012
14044,4.579
14045,3.517
14046,2.292
14047,4.773
14048,5.795
14049,5.519
14050,5.194
14051,5.908
14052,3.053
14053,4.293
14054,6.154
14055,4.089
14056,5.386
14057,6.362
14058,3.731
14059,4.702
14060,5.251
14061,5.461
14062,3.863
14063,5.768
14064,5.144
14065,5.16
14066,3.933
14067,5.595
14068,4.315
14069,5.969
14070,4.02
14071,3.527
14072,3.249
14073,3.177
14074,6.062
14075,6.156
14076,6.504
14077,5.872
14078,5.603
14079,5.424
14080,3.368
14081,5.761
14082,3.032
14083,6.357
14084,6.081
14085,5.007
14086,3.145
14087,5.836
14088,3.151
14089,5.694
14090,6.036
14091,2.92
14092,6.296
14093,4.766
14094,3.959
14095,5.623
14096,5.291
14097,3.167
14098,3.391
14099,6.075
14100,3.015
14101,5.394
14102,5.571
14103,5.404
14104,6.025
14105,3.978
14106,2.924
14107,4.639
14108,5.208
14109,4.921
14110,4.017
14111,4.158
14112,5.529
14113,4.617
14114,6.289
14115,3.809
14116,4.888
14117,5.962
14118,4.305
14119,3.423
14120,3.458
14121,5.817
14122,5.704
14123,3.205
14124,6.091
14125,6.311
14126,4.954
14127,5.4
14128,3.933
14129,5.217
14130,5.421
14131,5.699
14132,3.21
14133,2.444
14134,6.288
14135,5.118
14136,3.078
14137,6.032
14138,5.298
14139,5.736
14140,4.375
14141,6.314
14142,3.292
14143,4.419
14144,5.97
14145,3.34
14146,4.978
14147,6.217
14148,6.261
14149,6.047
14150,5.444
14151,3.471
14152,4.179
14153,5.122
14154,3.913
14155,2.81
14156,5.752
14157,5.297
14158,5.246
14159,5.463
14160,6.313
14161,6.002
14162,4.138
14163,5.703
14164,5.307
14165,2.885
14166,2.877
14167,5.147
14168,6.079
14169,3.138
14170,6.223
14171,5.731
14172,6.162
14173,5.509
14174,3.896
14175,3.616
14176,4.239
14177,4.398
14178,4.68
14179,4.148
14180,4.206
14181,5.338
14182,6.257
14183,5.467
14184,2.966
14185,4.179
14186,5.79
14187,5.53
14188,5.26
14189,4.667
14190,5.65
14191,3.121
14192,6.305
14193,5.683
14194,10.39
14195,3.132
14196,5.676
14197,6.26
14198,3.997
14199,5.917
14200,3.986
14201,5.825
14202,6.196
14203,4.979
14204,6.118
14205,5.978
14206,6.011
14207,5.191
14208,3.299
14209,4.368
14210,5.612
14211,5.529
14212,6.276
14213,5.888
14214,6.242
14215,4.929
14216,4.53
14217,4.324
14218,3.388
14219,5.015
14220,5.78
14221,4.99
14222,3.602
14223,5.264
14224,5.305
14225,4.877
14226,6.17
14227,5.971
14228,3.654
14229,4.614
14230,5.796
14231,5.081
14232,4.19
14233,6.291
14234,5.458
14235,6.074
14236,4.054
14237,4.391
14238,4.697
14239,5.764
14240,5.778
14241,6.003
14242,5.828
14243,5.57
14244,6.319
14245,4.244
14246,4.726
14247,5.208
14248,4.986
14249,5.631
14250,3.508
14251,5.325
14252,6.283
14253,3.441
14254,5.487
14255,2.331
14256,3.571
14257,6.07
14258,5.105
14259,6.211
14260,5.864
14261,5.571
14262,3.246
14263,3.02
14264,4.045
14265,6.053
14266,5.735
14267,5.433
14268,3.116
14269,4.142
14270,6.076
14271,5.448
14272,3.993
14273,4.249
14274,2.635
14275,5.276
14276,4.654
14277,2.654
14278,6.185
14279,5.542
14280,5.19
14281,5.024
14282,5.176
14283,3.33
14284,5.026
14285,5.687
14286,4.037
14287,3.993
14288,5.316
14289,4.652
14290,3.491
14291,5.581
14292,4.165
14293,5.393
14294,4.355
14295,4.614
14296,5.941
14297,4.934
14298,6.329
14299,2.369
14300,5.793
14301,5.422
14302,6.206
14303,3.145
14304,3.7
14305,3.821
14306,4.694
14307,6.045
14308,2.64
14309,4.256
14310,4.985
14311,5.008
14312,4.054
14313,6.058
14314,6.05
14315,5.506
14316,5.338
14317,4.708
14318,4.447
14319,4.619
14320,4.308
14321,3.351
14322,5.21
14323,5.936
14324,3.691
14325,3.319
14326,3.43
14327,3.786
14328,6.034
14329,5.277
14330,3.423
14331,6.074
14332,5.133
14333,5.463
14334,5.75
14335,6.083
14336,3.736
14337,4.813
14338,4.13
14339,3.534
14340,3.427
14341,6.68
14342,4.396
14343,5.052
14344,4.297
14345,4.761
14346,6.383
14347,4.036
14348,5.94
14349,3.769
14350,4.382
14351,3.002
14352,5.215
14353,5.431
14354,5.518
14355,5.538
14356,4.146
14357,3.654
14358,5.834
14359,5.978
14360,5.514
14361,4.142
14362,5.699
14363,5.734
14364,5.151
14365,4.994
14366,6.233
14367,4.946
14368,4.965
14369,5.177
14370,5.744
14371,3.955
14372,3.327
14373,5.909
14374,6.162
14375,5.34
14376,5.368
14377,4.295
14378,5.173
14379,5.125
14380,3.417
14381,5.826
14382,3.31
14383,4.923
14384,5.612
14385,4.133
14386,3.655
14387,4.79
14388,4.987
14389,4.368
14390,5.916
14391,6.326
14392,5.832
14393,4.725
14394,5.709
14395,4.572
14396,5.943
14397,6.262
14398,4.907
14399,3.184
14400,4.545
14401,6.745
14402,4.486
14403,6.253
14404,3.565
14405,6.017
14406,6.589
14407,5.428
14408,5.526
14409,5.582
14410,5.898
14411,6.205
14412,3.853
14413,5.209
14414,5.67
14415,5.942
14416,5.073
14417,5.365
14418,2.381
14419,3.131
14420,6.44
14421,5.502
14422,6.278
14423,5.367
14424,3.014
14425,3.066
14426,6.173
14427,2.497
14428,3.15
14429,2.703
14430,6.022
14431,4.059
14432,4.986
14433,4.299
14434,5.922
14435,5.272
14436,6.016
14437,3.293
14438,5.507
14439,5.684
14440,4.593
14441,5.603
14442,3.962
14443,4.732
14444,5.518
14445,3.434
14446,5.047
14447,5.151
14448,4.19
14449,6.006
14450,3.698
14451,5.772
14452,3.083
14453,5.362
14454,5.794
14455,3.87
14456,5.926
14457,5.927
14458,5.894
14459,5.756
14460,4.844
14461,6.152
14462,5.965
14463,3.679
14464,5.875
14465,4.852
14466,5.72
14467,5.539
14468,6.11
14469,6.12
14470,5.954
14471,4.85
14472,5.023
14473,5.907
14474,4.064
14475,5.878
14476,5.964
14477,5.695
14478,5.473
14479,5.35
14480,4.115
14481,6.038
14482,4.742
14483,4.929
14484,5.907
14485,5.306
14486,5.971
14487,4.087
14488,3.863
14489,2.107
14490,3.402
14491,3.479
14492,5.939
14493,4.426
14494,6.11
14495,4.196
14496,5.535
14497,3.89
14498,5.652
14499,5.445
14500,5.57
14501,4.604
14502,6.179
14503,5.031
14504,5.692
14505,4.131
14506,4.916
14507,5.621
14508,6.049
14509,5.652
14510,4.903
14511,5.431
14512,4.839
14513,3.18
14514,4.372
14515,4.174
14516,5.662
14517,3.844
14518,5.593
14519,4.07
14520,3.72
14521,3.311
14522,5.982
14523,3.308
14524,4.704
14525,5.533
14526,5.861
14527,5.433
14528,3.209
14529,6.257
14530,5.604
14531,5.506
14532,4.501
14533,3.089
14534,5.346
14535,2.79
14536,4.997
14537,5.782
14538,4.153
14539,5.493
14540,5.678
14541,5.804
14542,5.791
14543,6.024
14544,4.345
14545,3.403
14546,4.202
14547,4.629
14548,5.573
14549,5.695
14550,4.918
14551,4.016
14552,5.518
14553,5.479
14554,4.562
14555,6.216
14556,2.952
14557,3.559
14558,4.56
14559,3.752
14560,4.896
14561,4.873
14562,5.947
14563,6.139
14564,4.16
14565,5.902
14566,5.268
14567,6.361
14568,2.592
14569,5.984
14570,6.006
14571,5.964
14572,3.424
14573,4.861
14574,5.62
14575,4.189
14576,6.075
14577,5.488
14578,4.12
14579,6.073
14580,4.996
14581,4.782
14582,5.419
14583,4.141
14584,3.32
14585,5.965
14586,5.95
14587,5.959
14588,5.473
14589,5.639
14590,5.274
14591,6.13
14592,5.205
14593,4.523
14594,5.372
14595,4.186
14596,5.686
14597,5.307
14598,3.689
14599,4.362
14600,3.027
14601,4.252
14602,4.149
14603,4.387
14604,5.166
14605,6.203
14606,3.738
14607,5.178
14608,5.219
14609,6.102
14610,5.449
14611,3.831
14612,4.974
14613,5.206
14614,5.726
14615,6.007
14616,3.052
14617,4.008
14618,6.052
14619,5.61
14620,6.185
14621,3.646
14622,3.321
14623,4.402
14624,5.198
14625,6.129
14626,3.844
14627,3.236
14628,5.79
14629,3.906
14630,5.042
14631,3.806
14632,5.489
14633,6.083
14634,6.482
14635,5.121
14636,5.785
14637,2.757
14638,5.485
14639,5.711
14640,2.881
14641,5.874
14642,6.208
14643,5.854
14644,2.59
14645,4.185
14646,5.511
14647,5.763
14648,4.837
14649,2.921
14650,6.109
14651,4.028
14652,4.67
14653,4.851
14654,3.304
14655,4.318
14656,5.536
14657,5.186
14658,3.03
14659,5.528
14660,5.418
14661,4.626
14662,5.916
14663,5.713
14664,6.043
14665,5.297
14666,5.84
14667,4.758
14668,5.071
14669,5.322
14670,3.891
14671,5.524
14672,5.453
14673,4.252
14674,6.176
14675,6.261
14676,3.934
14677,2.932
14678,3.572
14679,5.605
14680,4.141
14681,2.781
14682,4.486
14683,3.875
14684,5.808
14685,4.242
14686,5.395
14687,2.629
14688,3.634
14689,3.108
14690,4.131
14691,3.335
14692,6.201
14693,6.238
14694,4.269
14695,4.24
14696,5.49
14697,5.566
14698,6.177
14699,3.516
14700,3.614
14701,5.72
14702,5.169
14703,4.377
14704,5.367
14705,3.532
14706,5.771
14707,6.176
14708,5.757
14709,5.086
14710,3.605
14711,5.423
14712,6.116
14713,4.398
14714,2.884
14715,4.241
14716,4.896
14717,5.19
14718,4.996
14719,6.146
14720,3.75
14721,4.364
14722,6.228
14723,4.943
14724,5.824
14725,4.232
14726,6.052
14727,4.154
14728,6.074
14729,5.6
14730,3.941
14731,5.487
14732,5.334
14733,5.291
14734,5.764
14735,5.458
14736,4.424
14737,5.728
14738,4.555
14739,4.823
14740,6.008
14741,2.838
14742,6.017
14743,4.938
14744,5.71
14745,3.033
14746,5.15
14747,6.007
14748,3.954
14749,4.235
14750,3.747
14751,2.59
14752,5.607
14753,5.289
14754,3.071
14755,5.766
14756,3.259
14757,3.615
14758,2.844
14759,5.768
14760,4.493
14761,5.08
14762,5.498
14763,5.972
14764,4.47
14765,5.88
14766,6.099
14767,5.845
14768,3.695
14769,5.642
14770,5.205
14771,4.826
14772,6.012
14773,5.298
14774,6.019
14775,5.401
14776,5.495
14777,3.909
14778,6.355
14779,5.987
14780,6.041
14781,6.152
14782,4.834
14783,3.99
14784,5.308
14785,6.455
14786,6.145
14787,5.081
14788,5.902
14789,3.693
14790,5.648
14791,5.34
14792,5.113
14793,5.722
14794,4.058
14795,4.067
14796,4.045
14797,3.486
14798,5.234
14799,4.997
14800,6.06
14801,2.549
14802,6.063
14803,5.922
14804,5.524
14805,4.261
14806,3.829
14807,5.417
14808,5.042
14809,4.544
14810,5.442
14811,3.79
14812,5.106
14813,5.028
14814,5.468
14815,5.59
14816,5.233
14817,6.379
14818,5.013
14819,5.454
14820,6.115
14821,5.531
14822,3.754
14823,3.682
14824,4.975
14825,4.284
14826,4.582
14827,4.982
14828,5.387
14829,5.414
14830,5.854
14831,5.264
14832,5.651
14833,5.958
14834,5.597
14835,2.873
14836,5.123
14837,5.588
14838,6.126
14839,5.346
14840,5.349
14841,5.364
14842,5.316
14843,5.454
14844,5.919
14845,3.283
14846,4.646
14847,4.638
14848,5.235
14849,3.043
14850,5.841
14851,6.118
14852,4.135
14853,5.752
14854,5.097
14855,5.625
14856,6.421
14857,5.751
14858,5.922
14859,4.698
14860,5.904
14861,3.76
14862,6.054
14863,6.037
14864,5.999
14865,3.209
14866,4.479
14867,4.627
14868,5.683
14869,4.205
14870,5.536
14871,5.179
14872,6.384
14873,4.217
14874,4.571
14875,3.446
14876,4.908
14877,5.73
14878,3.041
14879,6.168
14880,5.81
14881,5.778
14882,5.501
14883,5.697
14884,6.133
14885,4.04
14886,6.144
14887,4.45
14888,3.856
14889,5.976
14890,6.063
14891,5.714
14892,4.046
14893,6.152
14894,5.884
14895,5.157
14896,4.397
14897,3.856
14898,6.15
14899,5.78
14900,3.792
14901,5.078
14902,5.888
14903,5.303
14904,4.134
14905,5.248
14906,5.481
14907,4.324
14908,5.381
14909,4.61
14910,5.961
14911,4.443
14912,4.309
14913,5.217
14914,4.754
14915,5.787
14916,3.232
14917,5.821
14918,5.562
14919,5.44
14920,4.55
14921,4.094
14922,4.754
14923,4.956
14924,5.592
14925,5.881
14926,5.448
14927,4.909
14928,4.44
14929,4.723
14930,3.946
14931,3.408
14932,5.337
14933,6.116
14934,5.659
14935,5.95
14936,6.202
14937,5.937
14938,4.955
14939,4.221
14940,5.075
14941,4.161
14942,5.626
14943,5.591
14944,3.778
14945,3.74
14946,5.399
14947,3.95
14948,6.168
14949,4.511
14950,5.682
14951,3.509
14952,5.752
14953,5.867
14954,5.748
14955,6.396
14956,3.148
14957,5.434
14958,5.561
14959,5.652
14960,5.026
14961,6.471
14962,4.891
14963,3.46
14964,4.15
14965,4.839
14966,4.444
14967,6.13
14968,3.721
14969,4.608
14970,6.541
14971,5.992
14972,6.154
14973,3.105
14974,3.808
14975,4.8
14976,3.514
14977,4.584
14978,4.198
14979,6.353
14980,4.994
14981,3.615
14982,2.811
14983,4.59
14984,4.987
14985,4.927
14986,5.209
14987,5.62
14988,6.182
14989,2.5
14990,5.247
14991,5.852
14992,6.096
14993,6.118
14994,3.958
14995,4.714
14996,4.265
14997,4.54
14998,5.919
14999,5.24
15000,5.689
15001,6.356
15002,5.319
15003,6.176
15004,5.587
15005,2.869
15006,5.742
15007,4.683
15008,5.985
15009,5.677
15010,5.29
15011,5.555
15012,3.628
15013,4.254
15014,5.478
15015,3.746
15016,6.342
15017,6.072
15018,3.823
15019,3.817
15020,5.957
15021,5.076
15022,3.889
15023,3.078
15024,4.904
15025,2.765
15026,4.941
15027,6.381
15028,5.105
15029,5.965
15030,5.402
15031,5.663
15032,5.679
15033,5.623
15034,3.457
15035,6.232
15036,3.724
15037,5.725
15038,3.321
15039,3.541
15040,5.843
15041,4.348
15042,3.779
15043,6.049
15044,5.679
15045,5.032
15046,6.023
15047,6.084
15048,5.756
15049,4.334
15050,3.109
15051,4.633
15052,5.389
15053,4.925
15054,6.014
15055,4.563
15056,5.232
15057,4.255
15058,6.263
15059,6.005
15060,3.997
15061,5.764
15062,5.729
15063,5.964
15064,3.047
15065,3.364
15066,5.766
15067,3.972
15068,4.74
15069,6.216
15070,4.415
15071,5.823
15072,6.262
15073,4.891
15074,6.262
15075,4.032
15076,5.768
15077,6.133
15078,5.869
15079,5.586
15080,3.277
15081,4.733
15082,5.375
15083,4.206
15084,6.047
15085,4.095
15086,2.233
15087,4.468
15088,5.864
15089,5.803
15090,5.442
15091,6.0
15092,5.909
15093,6.016
15094,6.261
15095,5.114
15096,3.975
15097,4.111
15098,6.371
15099,5.47
15100,6.279
15101,6.234
15102,6.068
15103,6.135
15104,3.837
15105,4.694
15106,5.612
15107,4.389
15108,4.489
15109,5.647
15110,4.136
15111,5.564
15112,6.277
15113,5.681
15114,5.744
15115,4.539
15116,3.894
15117,4.99
15118,5.035
15119,6.267
15120,3.202
15121,5.87
15122,5.973
15123,3.436
15124,6.345
15125,5.522
15126,3.125
15127,4.455
15128,5.518
15129,3.695
15130,4.121
15131,4.702
15132,5.013
15133,4.979
15134,5.338
15135,4.923
15136,3.324
15137,5.405
15138,5.757
15139,6.244
15140,6.143
15141,4.899
15142,5.578
15143,5.991
15144,6.114
15145,5.983
15146,5.905
15147,4.574
15148,5.326
15149,5.236
15150,5.792
15151,5.585
15152,3.559
15153,5.858
15154,5.772
15155,3.135
15156,4.523
15157,3.124
15158,6.058
15159,4.507
15160,4.079
15161,6.064
15162,4.253
15163,6.338
15164,3.639
15165,6.212
15166,6.099
15167,6.366
15168,6.137
15169,5.838
15170,5.122
15171,5.388
15172,6.109
15173,4.39
15174,5.208
15175,5.811
15176,3.275
15177,4.816
15178,5.87
15179,5.798
15180,4.224
15181,6.201
15182,5.618
15183,5.753
15184,2.633
15185,6.2
15186,5.726
15187,3.703
15188,2.885
15189,5.425
15190,5.874
15191,5.773
15192,5.961
15193,4.879
15194,5.542
15195,5.876
15196,6.176
15197,4.019
15198,5.459
15199,3.662
15200,3.92
15201,2.977
15202,4.118
15203,5.764
15204,3.362
15205,5.171
15206,4.427
15207,4.664
15208,3.265
15209,5.168
15210,6.176
15211,4.385
15212,2.703
15213,3.638
15214,4.518
15215,6.296
15216,5.07
15217,4.25
15218,5.105
15219,5.211
15220,3.107
15221,5.86
15222,6.023
15223,6.079
15224,2.332
15225,5.822
15226,2.059
15227,5.27
15228,6.099
15229,4.898
15230,5.104
15231,4.057
15232,5.3
15233,5.25
15234,4.574
15235,6.217
15236,5.887
15237,5.995
15238,5.076
15239,3.79
15240,5.083
15241,5.838
15242,5.503
15243,3.888
15244,3.879
15245,3.914
15246,5.784
15247,5.912
15248,5.425
15249,5.595
15250,5.776
15251,3.458
15252,6.088
15253,5.248
15254,5.668
15255,4.811
15256,5.336
15257,3.128
15258,5.928
15259,3.569
15260,4.291
15261,5.213
15262,5.518
15263,2.852
15264,5.998
15265,6.234
15266,3.133
15267,5.519
15268,5.452
15269,4.011
15270,5.885
15271,5.05
15272,4.251
15273,3.249
15274,3.721
15275,5.968
15276,4.831
15277,5.456
15278,5.911
15279,6.392
15280,2.665
15281,5.317
15282,5.305
15283,3.159
15284,3.537
15285,3.028
15286,4.953
15287,4.008
15288,6.14
15289,3.873
15290,4.11
15291,5.976
15292,4.35
15293,6.248
15294,5.75
15295,5.208
15296,5.207
15297,6.132
15298,5.545
15299,3.914
15300,4.297
15301,6.066
15302,5.551
15303,6.037
15304,6.119
15305,5.528
15306,4.388
15307,4.861
15308,5.797
15309,6.356
15310,5.439
15311,5.093
15312,5.438
15313,2.962
15314,4.812
15315,5.861
15316,5.979
15317,6.173
15318,4.235
15319,6.038
15320,4.488
15321,5.917
15322,6.01
15323,5.946
15324,4.558
15325,5.9
15326,3.869
15327,5.902
15328,4.021
15329,5.824
15330,5.024
15331,4.966
15332,3.44
15333,5.976
15334,4.158
15335,4.449
15336,4.333
15337,6.151
15338,3.738
15339,5.796
15340,5.908
15341,3.962
15342,3.41
15343,3.985
15344,3.968
15345,5.46
15346,5.423
15347,5.927
15348,4.791
15349,3.069
15350,6.014
15351,5.187
15352,5.591
15353,4.253
15354,3.472
15355,5.258
15356,5.202
15357,4.114
15358,6.117
15359,5.341
15360,5.105
15361,5.063
15362,4.777
15363,6.27
15364,5.542
15365,4.148
15366,4.717
15367,2.989
15368,5.828
15369,6.092
15370,4.809
15371,6.083
15372,6.283
15373,4.139
15374,4.465
15375,3.638
15376,6.214
15377,5.664
15378,3.03
15379,5.825
15380,5.118
15381,3.298
15382,4.61
15383,6.195
15384,5.347
15385,5.916
15386,6.336
15387,4.248
15388,6.117
15389,5.702
15390,3.963
15391,3.27
15392,6.41
15393,6.161
15394,4.857
15395,3.081
15396,6.633
15397,4.574
15398,5.184
15399,4.053
15400,4.675
15401,6.083
15402,4.767
15403,4.626
15404,3.956
15405,6.289
15406,5.798
15407,5.016
15408,3.984
15409,4.954
15410,5.231
15411,3.533
15412,6.237
15413,3.691
15414,3.788
15415,6.016
15416,4.503
15417,3.745
15418,3.918
15419,6.266
15420,5.187
15421,6.293
15422,5.322
15423,3.032
15424,6.214
15425,3.334
15426,5.275
15427,4.45
15428,6.021
15429,3.541
15430,5.36
15431,4.659
15432,4.104
15433,6.18
15434,5.506
15435,3.822
15436,3.663
15437,5.457
15438,5.058
15439,3.859
15440,4.331
15441,4.453
15442,5.621
15443,5.461
15444,3.53
15445,5.981
15446,5.078
15447,5.511
15448,6.141
15449,3.718
15450,4.043
15451,5.219
15452,5.247
15453,5.767
15454,4.777
15455,3.73
15456,5.932
15457,2.859
15458,5.206
15459,5.552
15460,5.494
15461,4.504
15462,5.773
15463,6.298
15464,3.691
15465,3.49
15466,4.935
15467,6.098
15468,5.089
15469,6.036
15470,6.033
15471,3.245
15472,6.094
15473,3.843
15474,4.365
15475,5.831
15476,4.986
15477,6.115
15478,3.829
15479,5.768
15480,4.183
15481,5.341
15482,5.644
15483,6.041
15484,6.066
15485,2.514
15486,5.163
15487,3.812
15488,5.988
15489,6.123
15490,5.077
15491,5.26
15492,6.027
15493,6.147
15494,5.537
15495,6.211
15496,4.966
15497,4.054
15498,5.152
15499,5.353
15500,2.813
15501,5.96
15502,4.468
15503,6.066
15504,6.153
15505,4.649
15506,5.779
15507,4.239
15508,3.702
15509,5.485
15510,2.962
15511,4.273
15512,5.675
15513,6.089
15514,5.723
15515,6.37
15516,6.324
15517,6.005
15518,5.918
15519,5.977
15520,5.525
15521,6.324
15522,4.526
15523,6.361
15524,6.0
15525,4.11
15526,4.99
15527,6.203
15528,5.992
15529,3.309
15530,4.283
15531,5.71
15532,4.885
15533,6.076
15534,4.903
15535,6.012
15536,5.337
15537,5.923
15538,3.347
15539,4.719
15540,3.967
15541,4.891
15542,5.74
15543,3.821
15544,3.115
15545,6.059
15546,5.879
15547,5.187
15548,5.706
15549,4.515
15550,5.63
15551,3.824
15552,5.809
15553,6.017
15554,4.538
15555,6.073
15556,3.873
15557,4.403
15558,5.319
15559,4.583
15560,3.645
15561,4.345
15562,4.449
15563,5.921
15564,5.024
15565,5.449
15566,5.679
15567,6.06
15568,6.46
15569,5.323
15570,5.62
15571,4.182
15572,4.626
15573,2.856
15574,5.82
15575,5.658
15576,6.226
15577,5.338
15578,4.45
15579,3.186
15580,5.802
15581,5.955
15582,5.096
15583,5.0
15584,3.717
15585,6.065
15586,4.054
15587,5.741
15588,5.999
15589,4.295
15590,4.033
15591,3.128
15592,6.017
15593,5.894
15594,5.674
15595,3.093
15596,3.154
15597,5.218
15598,6.019
15599,4.763
15600,5.586
15601,5.875
15602,3.974
15603,2.779
15604,4.125
15605,5.999
15606,5.734
15607,4.351
15608,5.858
15609,5.495
15610,4.726
15611,5.527
15612,4.951
15613,5.407
15614,4.581
15615,2.79
15616,5.735
15617,6.065
15618,5.634
15619,5.608
15620,5.531
15621,4.074
15622,4.253
15623,4.585
15624,5.249
15625,5.664
15626,5.834
15627,3.488
15628,5.936
15629,6.041
15630,5.791
15631,4.438
15632,3.511
15633,4.343
15634,5.173
15635,4.279
15636,4.426
15637,4.484
15638,5.037
15639,4.196
15640,5.948
15641,4.179
15642,5.226
15643,6.064
15644,4.245
15645,4.821
15646,5.876
15647,5.896
15648,3.997
15649,5.35
15650,3.949
15651,4.106
15652,5.137
15653,5.554
15654,3.073
15655,3.598
15656,4.823
15657,4.612
15658,3.46
15659,5.495
15660,5.954
15661,3.126
15662,4.796
15663,4.799
15664,5.155
15665,2.99
15666,5.167
15667,4.724
15668,4.737
15669,3.086
15670,3.31
15671,5.869
15672,5.794
15673,5.359
15674,3.062
15675,5.965
15676,5.105
15677,3.708
15678,6.134
15679,5.633
15680,4.854
15681,5.429
15682,4.138
15683,5.641
15684,5.123
15685,6.039
15686,5.567
15687,4.641
15688,4.04
15689,5.111
15690,5.687
15691,4.961
15692,4.654
15693,2.957
15694,5.046
15695,5.008
15696,5.987
15697,6.446
15698,4.385
15699,5.5
15700,5.983
15701,3.627
15702,3.888
15703,5.526
15704,5.429
15705,4.583
15706,5.346
15707,6.085
15708,5.901
15709,4.788
15710,6.095
15711,5.743
15712,5.825
15713,5.79
15714,4.876
15715,5.202
15716,4.639
15717,4.622
15718,5.517
15719,5.345
15720,5.774
15721,5.125
15722,3.806
15723,5.846
15724,3.283
15725,5.092
15726,6.078
15727,4.058
15728,6.332
15729,5.712
15730,6.357
15731,5.946
15732,5.335
15733,4.983
15734,3.511
15735,6.272
15736,5.779
15737,3.517
15738,5.732
15739,4.6
15740,5.69
15741,3.444
15742,5.762
15743,4.555
15744,6.169
15745,4.156
15746,3.974
15747,6.525
15748,5.114
15749,5.718
15750,4.606
15751,4.224
15752,5.262
15753,5.392
15754,4.965
15755,5.349
15756,6.277
15757,3.219
15758,4.515
15759,5.42
15760,4.086
15761,6.187
15762,3.945
15763,4.131
15764,5.26
15765,6.153
15766,4.039
15767,6.055
15768,6.084
15769,5.048
15770,5.575
15771,4.12
15772,6.046
15773,5.585
15774,3.583
15775,4.346
15776,4.078
15777,3.232
15778,3.624
15779,3.202
15780,5.573
15781,6.308
15782,6.101
15783,5.877
15784,3.104
15785,5.421
15786,6.145
15787,6.265
15788,3.739
15789,3.946
15790,3.278
15791,5.674
15792,6.1
15793,5.239
15794,3.004
15795,4.321
15796,5.268
15797,6.053
15798,5.845
15799,3.905
15800,4.103
15801,5.679
15802,5.932
15803,6.268
15804,3.712
15805,6.024
15806,4.77
15807,5.856
15808,6.204
15809,5.678
15810,5.342
15811,5.961
15812,3.09
15813,5.475
15814,5.642
15815,4.3
15816,3.748
15817,3.632
15818,6.246
15819,5.332
15820,4.192
15821,3.828
15822,3.914
15823,3.073
15824,4.883
15825,4.222
15826,5.955
15827,6.143
15828,4.367
15829,3.817
15830,4.348
15831,5.557
15832,5.213
15833,5.469
15834,4.08
15835,6.367
15836,6.211
15837,5.433
15838,5.951
15839,6.389
15840,6.186
15841,4.386
15842,2.899
15843,5.805
15844,5.736
15845,3.946
15846,5.086
15847,3.573
15848,3.827
15849,5.691
15850,6.05
15851,6.299
15852,4.895
15853,5.841
15854,4.969
15855,5.616
15856,4.395
15857,2.963
15858,6.31
15859,5.363
15860,4.253
15861,2.815
15862,5.465
15863,4.342
15864,5.568
15865,4.971
15866,6.321
15867,5.123
15868,5.326
15869,4.209
15870,5.037
15871,3.068
15872,5.948
15873,5.99
15874,3.791
15875,5.723
15876,6.208
15877,4.199
15878,3.648
15879,3.177
15880,3.902
15881,4.133
15882,4.839
15883,5.11
15884,6.167
15885,5.777
15886,5.9
15887,3.243
15888,5.741
15889,3.899
15890,4.936
15891,5.876
15892,4.59
15893,3.783
15894,5.37
15895,4.339
15896,5.919
15897,6.04
15898,5.646
15899,5.759
15900,5.231
15901,5.104
15902,5.601
15903,5.113
15904,2.835
15905,5.724
15906,5.717
15907,4.917
15908,5.869
15909,5.916
15910,5.227
15911,5.044
15912,2.841
15913,5.755
15914,2.887
15915,3.86
15916,4.437
15917,3.248
15918,2.964
15919,3.49
15920,4.504
15921,4.143
15922,5.216
15923,5.755
15924,4.762
15925,3.932
15926,2.391
15927,4.822
15928,4.279
15929,4.169
15930,4.723
15931,6.149
15932,4.651
15933,4.875
15934,2.873
15935,2.943
15936,3.528
15937,6.071
15938,5.648
15939,6.005
15940,3.996
15941,3.568
15942,5.153
15943,4.136
15944,5.499
15945,5.214
15946,6.073
15947,5.902
15948,4.254
15949,6.006
15950,4.632
15951,4.512
15952,4.563
15953,5.492
15954,5.798
15955,3.391
15956,6.085
15957,3.939
15958,6.157
15959,5.172
15960,6.134
15961,3.851
15962,6.199
15963,6.008
15964,4.304
15965,5.591
15966,2.574
15967,5.383
15968,4.474
15969,5.336
15970,5.748
15971,5.48
15972,6.115
15973,3.034
15974,5.737
15975,4.311
15976,5.886
15977,6.194
15978,4.459
15979,6.171
15980,3.641
15981,5.373
15982,5.684
15983,4.877
15984,5.744
15985,5.813
15986,2.911
15987,4.825
15988,3.558
15989,3.96
15990,4.87
15991,5.963
15992,4.859
15993,3.817
15994,5.539
15995,5.368
15996,3.374
15997,6.061
15998,5.914
15999,4.392
16000,5.661
16001,3.756
16002,5.93
16003,5.197
16004,4.23
16005,5.764
16006,4.52
16007,3.578
16008,6.003
16009,4.786
16010,3.365
16011,4.827
16012,3.244
16013,5.223
16014,5.452
16015,5.313
16016,3.165
16017,3.561
16018,5.364
16019,3.316
16020,6.01
16021,6.154
16022,3.993
16023,5.587
16024,5.675
16025,3.012
16026,4.899
16027,5.871
16028,5.625
16029,2.901
16030,3.661
16031,6.084
16032,3.832
16033,2.989
16034,5.987
16035,5.251
16036,5.536
16037,6.194
16038,5.926
16039,5.932
16040,6.182
16041,4.711
16042,5.807
16043,5.737
16044,5.555
16045,5.899
16046,5.78
16047,6.018
16048,3.001
16049,4.77
16050,3.847
16051,5.812
16052,3.162
16053,4.886
16054,3.533
16055,3.892
16056,5.721
16057,6.223
16058,6.181
16059,3.268
16060,3.253
16061,5.306
16062,3.496
16063,3.423
16064,6.173
16065,6.16
16066,6.282
16067,5.854
16068,5.222
16069,3.799
16070,6.088
16071,6.154
16072,5.274
16073,3.787
16074,3.09
16075,4.025
16076,5.922
16077,5.482
16078,4.153
16079,5.21
16080,5.785
16081,5.053
16082,5.793
16083,2.253
16084,3.481
16085,5.056
16086,5.423
16087,4.083
16088,4.099
16089,3.582
16090,5.752
16091,5.216
16092,4.955
16093,6.228
16094,3.074
16095,5.635
16096,6.259
16097,4.497
16098,4.429
16099,2.899
16100,3.929
16101,4.126
16102,3.177
16103,5.379
16104,4.069
16105,4.644
16106,5.085
16107,4.589
16108,5.789
16109,5.872
16110,6.203
16111,5.754
16112,6.227
16113,5.945
16114,2.372
16115,3.902
16116,6.157
16117,5.289
16118,2.896
16119,5.241
16120,6.57
16121,5.334
16122,6.381
16123,4.244
16124,5.66
16125,5.571
16126,4.042
16127,4.707
16128,3.721
16129,5.561
16130,5.491
16131,5.599
16132,5.385
16133,5.345
16134,5.001
16135,5.804
16136,6.053
16137,4.868
16138,5.744
16139,5.937
16140,5.844
16141,2.908
16142,5.855
16143,5.806
16144,3.176
16145,6.172
16146,6.357
16147,5.591
16148,4.113
16149,3.307
16150,5.08
16151,3.9
16152,3.955
16153,3.211
16154,3.384
16155,3.598
16156,3.708
16157,6.398
16158,5.562
16159,5.837
16160,3.86
16161,6.577
16162,5.641
16163,5.158
16164,3.09
16165,4.994
16166,5.572
16167,6.064
16168,4.143
16169,3.767
16170,5.818
16171,3.048
16172,5.905
16173,5.683
16174,5.815
16175,5.888
16176,4.527
16177,4.325
16178,3.399
16179,3.796
16180,5.61
16181,5.966
16182,5.574
16183,5.953
16184,5.95
16185,5.052
16186,3.944
16187,5.63
16188,4.213
16189,6.188
16190,5.929
16191,3.297
16192,5.844
16193,5.992
16194,4.17
16195,5.664
16196,5.142
16197,5.14
16198,5.761
16199,4.358
16200,5.96
16201,5.833
16202,5.885
16203,6.124
16204,3.916
16205,4.191
16206,5.825
16207,3.129
16208,2.905
16209,4.598
16210,3.323
16211,5.444
16212,5.714
16213,4.569
16214,6.069
16215,5.111
16216,6.069
16217,6.035
16218,4.195
16219,6.174
16220,6.129
16221,5.674
16222,3.073
16223,4.235
16224,6.048
16225,5.741
16226,6.083
16227,3.966
16228,6.055
16229,5.859
16230,4.048
16231,3.389
16232,5.958
16233,6.032
16234,6.427
16235,5.238
16236,3.742
16237,6.041
16238,5.943
16239,6.102
16240,6.185
16241,4.779
16242,3.317
16243,6.253
16244,5.325
16245,3.971
16246,6.149
16247,4.199
16248,3.333
16249,5.39
16250,3.866
16251,4.143
16252,5.557
16253,5.535
16254,3.799
16255,5.376
16256,3.159
16257,3.793
16258,5.329
16259,4.041
16260,6.166
16261,5.706
16262,4.69
16263,3.36
16264,4.306
16265,5.226
16266,4.128
16267,11.273
16268,3.359
16269,3.753
16270,4.046
16271,5.66
16272,6.161
16273,5.753
16274,4.866
16275,4.798
16276,4.941
16277,5.744
16278,5.604
16279,3.432
16280,3.966
16281,5.087
16282,5.33
16283,6.051
16284,3.359
16285,5.784
16286,6.183
16287,3.234
16288,6.079
16289,4.908
16290,3.766
16291,5.846
16292,5.799
16293,4.461
16294,4.56
16295,5.842
16296,6.053
16297,4.162
16298,5.974
16299,5.365
16300,2.33
16301,3.121
16302,5.882
16303,3.266
16304,3.044
16305,3.654
16306,3.54
16307,3.028
16308,5.053
16309,3.141
16310,4.436
16311,5.309
16312,5.962
16313,4.862
16314,3.041
16315,5.433
16316,4.066
16317,5.215
16318,6.394
16319,4.422
16320,5.16
16321,5.586
16322,5.664
16323,6.143
16324,5.509
16325,5.004
16326,2.941
16327,3.249
16328,5.648
16329,6.109
16330,5.969
16331,5.634
16332,5.723
16333,3.712
16334,3.862
16335,4.852
16336,5.571
16337,6.216
16338,4.335
16339,3.923
16340,5.948
16341,6.001
16342,5.422
16343,5.274
16344,4.977
16345,6.068
16346,6.243
16347,5.212
16348,2.931
16349,3.52
16350,4.178
16351,5.413
16352,4.737
16353,5.324
16354,5.869
16355,3.536
16356,5.609
16357,2.895
16358,4.943
16359,5.56
16360,5.532
16361,4.532
16362,5.689
16363,4.956
16364,3.323
16365,5.571
16366,4.041
16367,3.972
16368,5.802
16369,2.785
16370,6.023
16371,4.51
16372,5.684
16373,3.131
16374,5.898
16375,5.871
16376,5.471
16377,6.083
16378,6.174
16379,5.291
16380,3.067
16381,5.507
16382,4.917
16383,4.54
16384,4.0
16385,5.144
16386,4.048
16387,5.735
16388,4.754
16389,3.499
16390,5.946
16391,4.48
16392,5.888
16393,5.943
16394,2.942
16395,2.22
16396,5.904
16397,3.869
16398,2.985
16399,6.184
16400,3.747
16401,6.077
16402,4.648
16403,5.027
16404,3.795
16405,5.939
16406,3.535
16407,5.821
16408,5.211
16409,5.142
16410,5.332
16411,6.096
16412,4.198
16413,4.841
16414,4.564
16415,6.056
16416,5.851
16417,5.726
16418,6.127
16419,4.301
16420,5.514
16421,4.077
16422,5.632
16423,5.473
16424,5.942
16425,3.76
16426,5.14
16427,5.737
16428,4.076
16429,3.994
16430,6.141
16431,3.27
16432,5.86
16433,6.134
16434,5.982
16435,3.107
16436,3.154
16437,6.02
16438,5.771
16439,6.035
16440,6.369
16441,3.338
16442,5.618
16443,3.656
16444,5.022
16445,5.648
16446,5.083
16447,5.873
16448,5.854
16449,4.088
16450,3.753
16451,3.773
16452,5.585
16453,3.116
16454,5.901
16455,3.707
16456,4.239
16457,5.073
16458,5.963
16459,4.298
16460,5.755
16461,4.553
16462,3.737
16463,6.003
16464,5.459
16465,5.327
16466,4.511
16467,5.28
16468,4.767
16469,3.033
16470,3.317
16471,5.752
16472,5.731
16473,5.576
16474,4.353
16475,4.049
16476,3.797
16477,6.102
16478,5.555
16479,5.326
16480,3.284
16481,5.071
16482,5.792
16483,5.207
16484,6.124
16485,6.08
16486,5.158
16487,5.227
16488,5.998
16489,5.212
16490,3.372
16491,5.925
16492,6.045
16493,4.548
16494,6.136
16495,4.104
16496,3.096
16497,4.532
16498,4.839
16499,5.964
16500,4.955
16501,5.276
16502,5.122
16503,5.297
16504,3.516
16505,5.762
16506,6.227
16507,5.448
16508,5.222
16509,5.803
16510,5.901
16511,3.05
16512,6.092
16513,3.599
16514,5.194
16515,3.138
16516,4.996
16517,4.399
16518,5.339
16519,3.566
16520,5.135
16521,3.98
16522,6.079
16523,5.7
16524,5.703
16525,5.687
16526,5.771
16527,6.005
16528,2.865
16529,6.101
16530,4.821
16531,3.24
16532,3.994
16533,5.683
16534,6.054
16535,4.786
16536,4.137
16537,6.051
16538,6.071
16539,5.566
16540,5.532
16541,6.154
16542,6.025
16543,3.523
16544,6.157
16545,3.836
16546,5.047
16547,4.434
16548,6.254
16549,4.783
16550,6.037
16551,3.292
16552,5.897
16553,5.974
16554,6.025
16555,3.554
16556,4.804
16557,3.076
16558,5.546
16559,3.219
16560,3.899
16561,3.657
16562,3.688
16563,3.676
16564,5.508
16565,5.684
16566,5.115
16567,4.77
16568,4.669
16569,3.656
16570,6.045
16571,5.077
16572,4.071
16573,5.996
16574,3.69
16575,5.81
16576,5.46
16577,5.735
16578,4.819
16579,4.127
16580,3.424
16581,4.719
16582,3.421
16583,3.926
16584,2.992
16585,6.31
16586,4.399
16587,5.903
16588,5.557
16589,4.282
16590,6.095
16591,3.874
16592,3.623
16593,5.996
16594,3.684
16595,4.192
16596,5.168
16597,2.789
16598,5.154
16599,6.117
16600,2.976
16601,4.659
16602,5.922
16603,6.122
16604,5.153
16605,5.679
16606,5.21
16607,5.366
16608,5.82
16609,3.579
16610,5.712
16611,4.546
16612,3.801
16613,6.001
16614,4.629
16615,3.338
16616,5.873
16617,4.424
16618,5.945
16619,3.384
16620,3.721
16621,4.767
16622,5.67
16623,5.308
16624,5.187
16625,3.755
16626,4.298
16627,6.108
16628,3.977
16629,6.076
16630,5.607
16631,4.78
16632,4.074
16633,2.658
16634,5.466
16635,5.216
16636,5.981
16637,5.75
16638,6.172
16639,5.12
16640,4.383
16641,4.816
16642,5.833
16643,4.277
16644,5.541
16645,5.152
16646,5.635
16647,5.563
16648,3.957
16649,3.642
16650,4.962
16651,6.103
16652,3.334
16653,4.35
16654,5.706
16655,4.302
16656,3.66
16657,3.316
16658,6.068
16659,6.26
16660,5.979
16661,3.616
16662,4.785
16663,3.566
16664,3.103
16665,5.484
16666,4.094
16667,6.223
16668,6.29
16669,5.859
16670,4.706
16671,3.824
16672,3.229
16673,4.195
16674,3.77
16675,4.464
16676,5.181
16677,5.947
16678,5.409
16679,5.177
16680,5.744
16681,6.206
16682,5.208
16683,3.617
16684,4.955
16685,4.11
16686,5.353
16687,5.368
16688,5.643
16689,5.018
16690,6.134
16691,4.072
16692,3.558
16693,5.757
16694,5.687
16695,5.171
16696,3.632
16697,4.263
16698,5.877
16699,6.007
16700,5.207
16701,6.01
16702,5.711
16703,5.264
16704,5.762
16705,3.33
16706,5.334
16707,6.098
16708,5.448
16709,3.868
16710,5.727
16711,5.426
16712,5.807
16713,5.046
16714,3.789
16715,4.344
16716,4.506
16717,4.706
16718,5.69
16719,6.044
16720,5.974
16721,3.965
16722,5.9
16723,5.619
16724,6.199
16725,5.002
16726,6.011
16727,5.895
16728,5.854
16729,4.716
16730,5.945
16731,3.774
16732,6.247
16733,5.424
16734,4.793
16735,5.273
16736,5.698
16737,4.451
16738,4.313
16739,5.797
16740,3.164
16741,5.74
16742,4.469
16743,5.344
16744,5.702
16745,5.279
16746,3.266
16747,3.353
16748,5.983
16749,5.917
16750,6.167
16751,3.818
16752,5.36
16753,6.025
16754,5.005
16755,5.627
16756,6.399
16757,5.71
16758,3.07
16759,5.049
16760,3.352
16761,4.017
16762,5.448
16763,5.315
16764,3.862
16765,3.61
16766,5.285
16767,6.123
16768,3.123
16769,4.712
16770,3.847
16771,3.131
16772,5.164
16773,5.567
16774,6.043
16775,3.947
16776,5.116
16777,5.221
16778,4.353
16779,5.281
16780,6.307
16781,5.598
16782,2.962
16783,5.779
16784,5.272
16785,5.948
16786,4.811
16787,5.789
16788,4.001
16789,4.842
16790,4.006
16791,5.473
16792,3.401
16793,4.096
16794,5.911
16795,6.172
16796,4.191
16797,4.906
16798,4.815
16799,5.477
16800,4.042
16801,5.908
16802,5.37
16803,4.147
16804,4.021
16805,5.2
16806,5.936
16807,3.582
16808,4.408
16809,5.895
16810,5.534
16811,3.764
16812,5.682
16813,5.485
16814,3.859
16815,4.258
16816,5.784
16817,4.336
16818,5.559
16819,4.48
16820,4.981
16821,4.311
16822,4.445
16823,3.739
16824,5.551
16825,6.685
16826,5.312
16827,4.375
16828,4.215
16829,5.005
16830,6.256
16831,5.142
16832,3.571
16833,4.142
16834,3.895
16835,5.107
16836,5.845
16837,3.137
16838,4.737
16839,5.111
16840,3.79
16841,6.269
16842,6.168
16843,5.933
16844,5.848
16845,4.617
16846,3.405
16847,4.897
16848,5.643
16849,4.603
16850,6.036
16851,4.405
16852,5.489
16853,3.116
16854,2.732
16855,3.704
16856,6.05
16857,6.238
16858,5.841
16859,3.185
16860,2.96
16861,4.627
16862,5.908
16863,4.541
16864,5.295
16865,5.724
16866,3.226
16867,4.098
16868,5.871
16869,5.938
16870,5.678
16871,2.719
16872,4.439
16873,5.245
16874,5.411
16875,4.084
16876,5.763
16877,4.905
16878,5.082
16879,4.872
16880,6.216
16881,5.588
16882,4.387
16883,6.153
16884,3.348
16885,5.974
16886,5.205
16887,4.419
16888,5.603
16889,6.262
16890,5.726
16891,5.825
16892,4.499
16893,4.985
16894,4.135
16895,3.552
16896,5.622
16897,5.851
16898,3.09
16899,5.245
16900,6.009
16901,5.323
16902,5.522
16903,4.106
16904,4.08
16905,4.334
16906,6.136
16907,5.826
16908,5.643
16909,3.907
16910,4.634
16911,2.966
16912,4.316
16913,4.571
16914,6.24
16915,5.494
16916,5.8
16917,5.271
16918,6.038
16919,3.8
16920,4.233
16921,3.858
16922,5.64
16923,5.099
16924,5.887
16925,6.534
16926,3.388
16927,4.918
16928,3.471
16929,5.595
16930,4.842
16931,5.819
16932,5.563
16933,5.233
16934,4.209
16935,6.042
16936,4.775
16937,5.479
16938,5.597
16939,5.435
16940,5.432
16941,5.624
16942,5.039
16943,4.287
16944,5.919
16945,5.824
16946,5.955
16947,5.535
16948,5.593
16949,4.598
16950,4.564
16951,5.661
16952,3.94
16953,3.6
16954,4.901
16955,6.055
16956,5.862
16957,4.106
16958,3.255
16959,4.18
16960,4.953
16961,4.396
16962,4.518
16963,5.89
16964,3.189
16965,6.298
16966,5.652
16967,5.105
16968,5.146
16969,5.935
16970,5.966
16971,5.276
16972,6.093
16973,6.313
16974,4.57
16975,5.391
16976,3.747
16977,5.656
16978,3.113
16979,5.965
16980,5.351
16981,3.12
16982,5.674
16983,6.318
16984,4.324
16985,6.19
16986,6.122
16987,4.436
16988,3.207
16989,2.444
16990,5.691
16991,3.02
16992,5.752
16993,5.901
16994,5.716
16995,6.028
16996,5.318
16997,3.986
16998,6.098
16999,5.76
17000,3.614
17001,4.35
17002,5.662
17003,5.127
17004,5.392
17005,4.596
17006,4.349
17007,4.008
17008,3.136
17009,5.676
17010,6.01
17011,4.226
17012,3.945
17013,4.11
17014,5.874
17015,5.321
17016,5.513
17017,5.134
17018,4.361
17019,4.968
17020,6.133
17021,6.157
17022,5.582
17023,5.284
17024,4.738
17025,6.045
17026,3.289
17027,3.08
17028,2.922
17029,5.684
17030,3.752
17031,4.88
17032,5.307
17033,5.523
17034,3.116
17035,6.172
17036,5.214
17037,4.345
17038,5.634
17039,3.194
17040,4.562
17041,5.716
17042,5.473
17043,5.975
17044,2.997
17045,3.293
17046,6.144
17047,5.314
17048,3.463
17049,5.34
17050,6.16
17051,6.154
17052,5.863
17053,3.79
17054,6.141
17055,6.099
17056,6.021
17057,6.322
17058,3.268
17059,3.323
17060,6.359
17061,6.033
17062,5.438
17063,6.185
17064,5.401
17065,2.97
17066,2.956
17067,5.963
17068,4.424
17069,3.653
17070,6.082
17071,4.999
17072,5.24
17073,5.52
17074,5.861
17075,5.364
17076,5.548
17077,3.889
17078,3.335
17079,6.172
17080,4.343
17081,4.934
17082,5.279
17083,2.979
17084,4.303
17085,3.138
17086,3.711
17087,5.902
17088,4.53
17089,4.826
17090,5.985
17091,5.602
17092,4.344
17093,4.072
17094,6.082
17095,3.836
17096,5.292
17097,4.916
17098,4.859
17099,3.789
17100,2.598
17101,3.322
17102,4.976
17103,5.877
17104,3.289
17105,3.958
17106,5.697
17107,4.922
17108,4.731
17109,6.061
17110,5.899
17111,4.211
17112,5.03
17113,3.932
17114,5.856
17115,4.747
17116,6.291
17117,3.986
17118,5.819
17119,4.429
17120,5.456
17121,4.998
17122,3.914
17123,6.404
17124,5.975
17125,2.667
17126,4.973
17127,3.661
17128,6.396
17129,5.654
17130,3.625
17131,6.271
17132,6.08
17133,6.159
17134,5.603
17135,3.551
17136,3.537
17137,4.997
17138,4.064
17139,3.486
17140,2.798
17141,5.562
17142,3.971
17143,5.708
17144,4.316
17145,4.579
17146,5.932
17147,5.845
17148,4.045
17149,3.449
17150,5.886
17151,4.069
17152,5.96
17153,3.207
17154,3.642
17155,5.936
17156,5.823
17157,4.439
17158,5.771
17159,4.637
17160,5.565
17161,3.211
17162,5.969
17163,6.183
17164,4.397
17165,5.726
17166,5.294
17167,5.156
17168,5.855
17169,5.912
17170,3.813
17171,5.891
17172,5.927
17173,4.085
17174,3.511
17175,4.811
17176,4.062
17177,5.837
17178,3.695
17179,10.771
17180,4.085
17181,5.441
17182,4.525
17183,5.292
17184,5.518
17185,6.383
17186,5.708
17187,5.552
17188,5.069
17189,5.454
17190,5.561
17191,4.55
17192,5.94
17193,5.857
17194,5.722
17195,5.162
17196,2.903
17197,6.236
17198,4.258
17199,5.338
17200,5.978
17201,4.58
17202,5.712
17203,3.39
17204,5.527
17205,5.996
17206,5.867
17207,5.502
17208,5.865
17209,2.8
17210,5.323
17211,3.729
17212,5.375
17213,3.884
17214,3.338
17215,5.946
17216,6.122
17217,4.73
17218,4.807
17219,6.229
17220,4.703
17221,3.922
17222,4.228
17223,2.886
17224,4.63
17225,2.881
17226,6.247
17227,4.3
17228,6.151
17229,3.143
17230,4.477
17231,5.878
17232,6.032
17233,2.494
17234,4.604
17235,3.443
17236,3.631
17237,5.768
17238,4.268
17239,3.774
17240,5.826
17241,4.719
17242,6.659
17243,6.062
17244,3.617
17245,5.583
17246,6.365
17247,4.894
17248,5.882
17249,3.265
17250,4.165
17251,5.306
17252,5.646
17253,4.4
17254,5.764
17255,5.967
17256,6.132
17257,6.047
17258,4.901
17259,5.334
17260,4.664
17261,6.259
17262,5.287
17263,6.017
17264,5.623
17265,5.173
17266,5.464
17267,4.136
17268,5.734
17269,3.917
17270,4.142
17271,5.367
17272,4.265
17273,3.535
17274,5.583
17275,2.331
17276,5.909
17277,6.399
17278,4.502
17279,4.028
17280,3.803
17281,6.033
17282,5.356
17283,5.229
17284,3.038
17285,4.621
17286,5.833
17287,5.318
17288,3.022
17289,6.154
17290,3.39
17291,6.0
17292,5.943
17293,5.719
17294,3.708
17295,5.161
17296,4.39
17297,5.979
17298,4.658
17299,3.944
17300,5.432
17301,5.112
17302,5.329
17303,5.047
17304,4.515
17305,5.741
17306,5.454
17307,3.942
17308,5.775
17309,5.714
17310,4.463
17311,3.251
17312,6.084
17313,5.016
17314,5.534
17315,4.38
17316,6.193
17317,3.055
17318,5.573
17319,5.758
17320,3.276
17321,6.377
17322,4.378
17323,5.576
17324,5.958
17325,5.72
17326,4.242
17327,5.457
17328,5.464
17329,5.65
17330,4.064
17331,6.49
17332,4.878
17333,5.679
17334,5.431
17335,2.425
17336,5.602
17337,5.693
17338,4.868
17339,6.31
17340,2.36
17341,5.717
17342,4.357
17343,6.297
17344,3.661
17345,2.534
